Workbook

Sheet todayssatellite
A1: Time | B1: Text | C1: Length | D1: Number | E1: Rocket_type | F1: Rocket_number | G1: for_search | H1: Updated_date | I1: Update_info | J1: memo
A2: 01/01 07:00:00 | B2: 【今日の人工衛星】1/1 1990年：JCSAT-2 日本のJSAT(現・スカパーJSAT)保有の通信衛星。タイタンIIIロケットで打上、東経154度からサービスを提供。現在は寿命が切れている。 | C2: =LEN(B2) -> 97 | D2: n010101d | E2: {=_xlfn.IFS(IFERROR(FIND("M-3SII",B2),-1)>0,"J_M3S2",IFERROR(FIND("M-V",B2),-1)>0,"J_M5",IFERROR(FIND("M-4S",B2),-1)>0,"J_M4S",IFERROR(FIND("M-3C",B2),-1)>0,"J_M3C",IFERROR(FIND("M-3S",B2),-1)>0,"J_M3S",IFERROR(FIND("M-3H",B2),-1)>0,"J_M3H",IFERROR(FIND("H-IIA",B2),-1)>0,"J_H2A",IFERROR(FIND("H-IIB",B2),-1)>0,"J_H2B",IFERROR(FIND("H-II",B2),-1)>0,"J_H2",IFERROR(FIND("H-I",B2),-1)>0,"J_H1",IFERROR(FIND("N-II",B2),-1)>0,"J_N2",IFERROR(FIND("N-I",B2),-1)>0,"J_N1",IFERROR(FIND("イプシロン",B2),-1)>0,"J_E",TRUE,"")} | G2: =IF(E2<>"",E2&"_"&F2,"")
A3: 01/02 07:00:00 | B3: 【今日の人工衛星】1/2 1959年：ルナ1号 旧ソ連の月探査機。旧ソ連は失敗した打上に番号を振らないため、月を目指した探査機としては4機目。月着陸には失敗したが人類初の人工惑星となった。 | C3: =LEN(B3) -> 94 | D3: n010201d | E3: {=_xlfn.IFS(IFERROR(FIND("M-3SII",B3),-1)>0,"J_M3S2",IFERROR(FIND("M-V",B3),-1)>0,"J_M5",IFERROR(FIND("M-4S",B3),-1)>0,"J_M4S",IFERROR(FIND("M-3C",B3),-1)>0,"J_M3C",IFERROR(FIND("M-3S",B3),-1)>0,"J_M3S",IFERROR(FIND("M-3H",B3),-1)>0,"J_M3H",IFERROR(FIND("H-IIA",B3),-1)>0,"J_H2A",IFERROR(FIND("H-IIB",B3),-1)>0,"J_H2B",IFERROR(FIND("H-II",B3),-1)>0,"J_H2",IFERROR(FIND("H-I",B3),-1)>0,"J_H1",IFERROR(FIND("N-II",B3),-1)>0,"J_N2",IFERROR(FIND("N-I",B3),-1)>0,"J_N1",IFERROR(FIND("イプシロン",B3),-1)>0,"J_E",TRUE,"")} | G3: =IF(E3<>"",E3&"_"&F3,"")
A4: 01/03 07:00:00 | B4: 【今日の人工衛星】1/3 1999年：マーズ・ポーラー・ランダー アメリカの火星探査機。火星の近傍までは無事に到着したものの、通信が途絶え、行方不明となった。現在も探査機の跡は見つかっていない | C4: =LEN(B4) -> 96 | D4: n010301d | E4: {=_xlfn.IFS(IFERROR(FIND("M-3SII",B4),-1)>0,"J_M3S2",IFERROR(FIND("M-V",B4),-1)>0,"J_M5",IFERROR(FIND("M-4S",B4),-1)>0,"J_M4S",IFERROR(FIND("M-3C",B4),-1)>0,"J_M3C",IFERROR(FIND("M-3S",B4),-1)>0,"J_M3S",IFERROR(FIND("M-3H",B4),-1)>0,"J_M3H",IFERROR(FIND("H-IIA",B4),-1)>0,"J_H2A",IFERROR(FIND("H-IIB",B4),-1)>0,"J_H2B",IFERROR(FIND("H-II",B4),-1)>0,"J_H2",IFERROR(FIND("H-I",B4),-1)>0,"J_H1",IFERROR(FIND("N-II",B4),-1)>0,"J_N2",IFERROR(FIND("N-I",B4),-1)>0,"J_N1",IFERROR(FIND("イプシロン",B4),-1)>0,"J_E",TRUE,"")} | G4: =IF(E4<>"",E4&"_"&F4,"")
A5: 01/04 07:00:00 | B5: 【今日の人工衛星】1/4 1963年：スプートニク25号 旧ソ連の月探査機。世界初の月軟着陸を目指し着陸機を搭載。月面の写真を撮影する予定だったが、地球周回軌道からの脱出に失敗、大気圏に再突入した。 | C5: =LEN(B5) -> 99 | D5: n010401d | E5: {=_xlfn.IFS(IFERROR(FIND("M-3SII",B5),-1)>0,"J_M3S2",IFERROR(FIND("M-V",B5),-1)>0,"J_M5",IFERROR(FIND("M-4S",B5),-1)>0,"J_M4S",IFERROR(FIND("M-3C",B5),-1)>0,"J_M3C",IFERROR(FIND("M-3S",B5),-1)>0,"J_M3S",IFERROR(FIND("M-3H",B5),-1)>0,"J_M3H",IFERROR(FIND("H-IIA",B5),-1)>0,"J_H2A",IFERROR(FIND("H-IIB",B5),-1)>0,"J_H2B",IFERROR(FIND("H-II",B5),-1)>0,"J_H2",IFERROR(FIND("H-I",B5),-1)>0,"J_H1",IFERROR(FIND("N-II",B5),-1)>0,"J_N2",IFERROR(FIND("N-I",B5),-1)>0,"J_N1",IFERROR(FIND("イプシロン",B5),-1)>0,"J_E",TRUE,"")} | G5: =IF(E5<>"",E5&"_"&F5,"")
A6: 01/05 07:00:00 | B6: 【今日の人工衛星】1/5 1969年：ベネラ5号 旧ソ連の金星探査機。ベネラ4号の観測結果を踏まえ、大気の測定がより精密に出来るようにされていた。 | C6: =LEN(B6) -> 73 | D6: n010501d | E6: {=_xlfn.IFS(IFERROR(FIND("M-3SII",B6),-1)>0,"J_M3S2",IFERROR(FIND("M-V",B6),-1)>0,"J_M5",IFERROR(FIND("M-4S",B6),-1)>0,"J_M4S",IFERROR(FIND("M-3C",B6),-1)>0,"J_M3C",IFERROR(FIND("M-3S",B6),-1)>0,"J_M3S",IFERROR(FIND("M-3H",B6),-1)>0,"J_M3H",IFERROR(FIND("H-IIA",B6),-1)>0,"J_H2A",IFERROR(FIND("H-IIB",B6),-1)>0,"J_H2B",IFERROR(FIND("H-II",B6),-1)>0,"J_H2",IFERROR(FIND("H-I",B6),-1)>0,"J_H1",IFERROR(FIND("N-II",B6),-1)>0,"J_N2",IFERROR(FIND("N-I",B6),-1)>0,"J_N1",IFERROR(FIND("イプシロン",B6),-1)>0,"J_E",TRUE,"")} | G6: =IF(E6<>"",E6&"_"&F6,"")
A7: 01/06 07:00:00 | B7: 【今日の人工衛星】1/6 2003年：Coriolis アメリカの打ち上げた衛星。海面を吹く風を観測するWindSatと、太陽からの物質の放出を観測するSMEIを搭載 | C7: =LEN(B7) -> 83 | D7: n010601d | E7: {=_xlfn.IFS(IFERROR(FIND("M-3SII",B7),-1)>0,"J_M3S2",IFERROR(FIND("M-V",B7),-1)>0,"J_M5",IFERROR(FIND("M-4S",B7),-1)>0,"J_M4S",IFERROR(FIND("M-3C",B7),-1)>0,"J_M3C",IFERROR(FIND("M-3S",B7),-1)>0,"J_M3S",IFERROR(FIND("M-3H",B7),-1)>0,"J_M3H",IFERROR(FIND("H-IIA",B7),-1)>0,"J_H2A",IFERROR(FIND("H-IIB",B7),-1)>0,"J_H2B",IFERROR(FIND("H-II",B7),-1)>0,"J_H2",IFERROR(FIND("H-I",B7),-1)>0,"J_H1",IFERROR(FIND("N-II",B7),-1)>0,"J_N2",IFERROR(FIND("N-I",B7),-1)>0,"J_N1",IFERROR(FIND("イプシロン",B7),-1)>0,"J_E",TRUE,"")} | G7: =IF(E7<>"",E7&"_"&F7,"")
A8: 01/07 07:00:00 | B8: 【今日の人工衛星】1/7 1998年：ルナ・プロスペクター アメリカの月探査機。クレメンタインの観測が示唆した月面の氷の存在の検証が重要な目的。中性子線分光計により水素の存在が確認され、水の存在の示唆が得られた | C8: =LEN(B8) -> 105 | D8: n010701d | E8: {=_xlfn.IFS(IFERROR(FIND("M-3SII",B8),-1)>0,"J_M3S2",IFERROR(FIND("M-V",B8),-1)>0,"J_M5",IFERROR(FIND("M-4S",B8),-1)>0,"J_M4S",IFERROR(FIND("M-3C",B8),-1)>0,"J_M3C",IFERROR(FIND("M-3S",B8),-1)>0,"J_M3S",IFERROR(FIND("M-3H",B8),-1)>0,"J_M3H",IFERROR(FIND("H-IIA",B8),-1)>0,"J_H2A",IFERROR(FIND("H-IIB",B8),-1)>0,"J_H2B",IFERROR(FIND("H-II",B8),-1)>0,"J_H2",IFERROR(FIND("H-I",B8),-1)>0,"J_H1",IFERROR(FIND("N-II",B8),-1)>0,"J_N2",IFERROR(FIND("N-I",B8),-1)>0,"J_N1",IFERROR(FIND("イプシロン",B8),-1)>0,"J_E",TRUE,"")} | G8: =IF(E8<>"",E8&"_"&F8,"")
A9: 01/08 07:00:00 | B9: 【今日の人工衛星】1/8 1985年：さきがけ 日本のハレー彗星探査機。8/19に打ち上げられた「すいせい」の姉妹機にあたり、さきがけでの経験が「すいせい」にフィードバックされた。 | C9: =LEN(B9) -> 90 | D9: n010801d | E9: J_M3S2 | F9: 1 | G9: =IF(E9<>"",E9&"_"&F9,"") -> J_M3S2_1
A10: 01/08 04:26:00 | B10: ★1985年の今日1/8 4:26、M-3SIIロケット1号機でハレー彗星探査試験機さきがけが打ち上げられました。 | C10: =LEN(B10) -> 57 | D10: n010801t1 | E10: {=_xlfn.IFS(IFERROR(FIND("M-3SII",B10),-1)>0,"J_M3S2",IFERROR(FIND("M-V",B10),-1)>0,"J_M5",IFERROR(FIND("M-4S",B10),-1)>0,"J_M4S",IFERROR(FIND("M-3C",B10),-1)>0,"J_M3C",IFERROR(FIND("M-3S",B10),-1)>0,"J_M3S",IFERROR(FIND("M-3H",B10),-1)>0,"J_M3H",IFERROR(FIND("H-IIA",B10),-1)>0,"J_H2A",IFERROR(FIND("H-IIB",B10),-1)>0,"J_H2B",IFERROR(FIND("H-II",B10),-1)>0,"J_H2",IFERROR(FIND("H-I",B10),-1)>0,"J_H1",IFERROR(FIND("N-II",B10),-1)>0,"J_N2",IFERROR(FIND("N-I",B10),-1)>0,"J_N1",IFERROR(FIND("イプシロン",B10),-1)>0,"J_E",TRUE,"")} -> J_M3S2 | F10: 1 | G10: =IF(E10<>"",E10&"_"&F10,"") -> J_M3S2_1
A11: 01/09 07:00:00 | B11: 【今日の人工衛星】1/9 1990年：STS-32 スペースシャトル・コロンビアの打上。通信衛星の打ち上げと、長期暴露試験衛星LDEFの回収が目的。LDEFは6年間も宇宙を漂っていた。 | C11: =LEN(B11) -> 92 | D11: n010901d | E11: {=_xlfn.IFS(IFERROR(FIND("M-3SII",B11),-1)>0,"J_M3S2",IFERROR(FIND("M-V",B11),-1)>0,"J_M5",IFERROR(FIND("M-4S",B11),-1)>0,"J_M4S",IFERROR(FIND("M-3C",B11),-1)>0,"J_M3C",IFERROR(FIND("M-3S",B11),-1)>0,"J_M3S",IFERROR(FIND("M-3H",B11),-1)>0,"J_M3H",IFERROR(FIND("H-IIA",B11),-1)>0,"J_H2A",IFERROR(FIND("H-IIB",B11),-1)>0,"J_H2B",IFERROR(FIND("H-II",B11),-1)>0,"J_H2",IFERROR(FIND("H-I",B11),-1)>0,"J_H1",IFERROR(FIND("N-II",B11),-1)>0,"J_N2",IFERROR(FIND("N-I",B11),-1)>0,"J_N1",IFERROR(FIND("イプシロン",B11),-1)>0,"J_E",TRUE,"")} | G11: =IF(E11<>"",E11&"_"&F11,"")
A12: 01/10 07:00:00 | B12: 【今日の人工衛星】1/10 1969年：ベネラ6号 旧ソ連の金星探査機。ベネラ4号の観測結果を踏まえた改良がなされた、1/5打上の5号の同型機。5,6号ともに金星に無事到達、降下カプセル投下にも成功。 | C12: =LEN(B12) -> 100 | D12: n011001d | E12: {=_xlfn.IFS(IFERROR(FIND("M-3SII",B12),-1)>0,"J_M3S2",IFERROR(FIND("M-V",B12),-1)>0,"J_M5",IFERROR(FIND("M-4S",B12),-1)>0,"J_M4S",IFERROR(FIND("M-3C",B12),-1)>0,"J_M3C",IFERROR(FIND("M-3S",B12),-1)>0,"J_M3S",IFERROR(FIND("M-3H",B12),-1)>0,"J_M3H",IFERROR(FIND("H-IIA",B12),-1)>0,"J_H2A",IFERROR(FIND("H-IIB",B12),-1)>0,"J_H2B",IFERROR(FIND("H-II",B12),-1)>0,"J_H2",IFERROR(FIND("H-I",B12),-1)>0,"J_H1",IFERROR(FIND("N-II",B12),-1)>0,"J_N2",IFERROR(FIND("N-I",B12),-1)>0,"J_N1",IFERROR(FIND("イプシロン",B12),-1)>0,"J_E",TRUE,"")} | G12: =IF(E12<>"",E12&"_"&F12,"")
A13: 01/11 07:00:00 | B13: 【今日の人工衛星】1/11 1996年：STS-72 エンデバーの打上、若田光一飛行士の初のフライト。H-IIロケットで打ち上げた宇宙実験・観測フリーフライヤ (SFU)の回収が主な目的であった | C13: =LEN(B13) -> 97 | D13: n011101d | G13: =IF(E13<>"",E13&"_"&F13,"")
A14: 01/12 07:00:00 | B14: 【今日の人工衛星】1/12 2005年：ディープインパクト アメリカの探査機。テンペル１彗星に衝突体を衝突させ、クレーターを生成、彗星の内部構造を調査するもの。調査は無事成功。現在はエキポシと改名、他の彗星などを観測 | C14: =LEN(B14) -> 108 | D14: n011201d | E14: {=_xlfn.IFS(IFERROR(FIND("M-3SII",B14),-1)>0,"J_M3S2",IFERROR(FIND("M-V",B14),-1)>0,"J_M5",IFERROR(FIND("M-4S",B14),-1)>0,"J_M4S",IFERROR(FIND("M-3C",B14),-1)>0,"J_M3C",IFERROR(FIND("M-3S",B14),-1)>0,"J_M3S",IFERROR(FIND("M-3H",B14),-1)>0,"J_M3H",IFERROR(FIND("H-IIA",B14),-1)>0,"J_H2A",IFERROR(FIND("H-IIB",B14),-1)>0,"J_H2B",IFERROR(FIND("H-II",B14),-1)>0,"J_H2",IFERROR(FIND("H-I",B14),-1)>0,"J_H1",IFERROR(FIND("N-II",B14),-1)>0,"J_N2",IFERROR(FIND("N-I",B14),-1)>0,"J_N1",IFERROR(FIND("イプシロン",B14),-1)>0,"J_E",TRUE,"")} | G14: =IF(E14<>"",E14&"_"&F14,"")
A15: 01/13 07:00:00 | B15: 【今日の人工衛星】1/13 1993年：STS-54 スペースシャトル・エンデバーの5回目の打上。データ中継衛星TDRS-Fの打上などを実施。 | C15: =LEN(B15) -> 71 | D15: n011301d | E15: {=_xlfn.IFS(IFERROR(FIND("M-3SII",B15),-1)>0,"J_M3S2",IFERROR(FIND("M-V",B15),-1)>0,"J_M5",IFERROR(FIND("M-4S",B15),-1)>0,"J_M4S",IFERROR(FIND("M-3C",B15),-1)>0,"J_M3C",IFERROR(FIND("M-3S",B15),-1)>0,"J_M3S",IFERROR(FIND("M-3H",B15),-1)>0,"J_M3H",IFERROR(FIND("H-IIA",B15),-1)>0,"J_H2A",IFERROR(FIND("H-IIB",B15),-1)>0,"J_H2B",IFERROR(FIND("H-II",B15),-1)>0,"J_H2",IFERROR(FIND("H-I",B15),-1)>0,"J_H1",IFERROR(FIND("N-II",B15),-1)>0,"J_N2",IFERROR(FIND("N-I",B15),-1)>0,"J_N1",IFERROR(FIND("イプシロン",B15),-1)>0,"J_E",TRUE,"")} | G15: =IF(E15<>"",E15&"_"&F15,"")
A16: 01/14 07:00:00 | B16: 【今日の人工衛星】1/14 1996年：Koreasat2 韓国通信(KT)が保有する通信・放送衛星。放送衛星の任務はKoreasat3に引き継がれている。 | C16: =LEN(B16) -> 78 | D16: n011401d | E16: {=_xlfn.IFS(IFERROR(FIND("M-3SII",B16),-1)>0,"J_M3S2",IFERROR(FIND("M-V",B16),-1)>0,"J_M5",IFERROR(FIND("M-4S",B16),-1)>0,"J_M4S",IFERROR(FIND("M-3C",B16),-1)>0,"J_M3C",IFERROR(FIND("M-3S",B16),-1)>0,"J_M3S",IFERROR(FIND("M-3H",B16),-1)>0,"J_M3H",IFERROR(FIND("H-IIA",B16),-1)>0,"J_H2A",IFERROR(FIND("H-IIB",B16),-1)>0,"J_H2B",IFERROR(FIND("H-II",B16),-1)>0,"J_H2",IFERROR(FIND("H-I",B16),-1)>0,"J_H1",IFERROR(FIND("N-II",B16),-1)>0,"J_N2",IFERROR(FIND("N-I",B16),-1)>0,"J_N1",IFERROR(FIND("イプシロン",B16),-1)>0,"J_E",TRUE,"")} | G16: =IF(E16<>"",E16&"_"&F16,"")
A17: 01/15 07:00:00 | B17: 【今日の人工衛星】1/15 1991年：Italsat 1 イタリア初の実用の通信衛星。12,000回線分の通信が可能。現在は引退し墓場軌道に移っている | C17: =LEN(B17) -> 76 | D17: n011501d | E17: {=_xlfn.IFS(IFERROR(FIND("M-3SII",B17),-1)>0,"J_M3S2",IFERROR(FIND("M-V",B17),-1)>0,"J_M5",IFERROR(FIND("M-4S",B17),-1)>0,"J_M4S",IFERROR(FIND("M-3C",B17),-1)>0,"J_M3C",IFERROR(FIND("M-3S",B17),-1)>0,"J_M3S",IFERROR(FIND("M-3H",B17),-1)>0,"J_M3H",IFERROR(FIND("H-IIA",B17),-1)>0,"J_H2A",IFERROR(FIND("H-IIB",B17),-1)>0,"J_H2B",IFERROR(FIND("H-II",B17),-1)>0,"J_H2",IFERROR(FIND("H-I",B17),-1)>0,"J_H1",IFERROR(FIND("N-II",B17),-1)>0,"J_N2",IFERROR(FIND("N-I",B17),-1)>0,"J_N1",IFERROR(FIND("イプシロン",B17),-1)>0,"J_E",TRUE,"")} | G17: =IF(E17<>"",E17&"_"&F17,"")
A18: 01/15 07:01:00 | B18: 【今日の人工衛星】1/15 1995年：自立帰還型無人宇宙実験システム(EXPRESS) M-3SIIロケット8号機で打上。軌道再突入試験を目的としていたが実験は失敗。機体はガーナに着陸しており、翌年回収された。 | C18: =LEN(B18) -> 106 | D18: n011502d | E18: {=_xlfn.IFS(IFERROR(FIND("M-3SII",B18),-1)>0,"J_M3S2",IFERROR(FIND("M-V",B18),-1)>0,"J_M5",IFERROR(FIND("M-4S",B18),-1)>0,"J_M4S",IFERROR(FIND("M-3C",B18),-1)>0,"J_M3C",IFERROR(FIND("M-3S",B18),-1)>0,"J_M3S",IFERROR(FIND("M-3H",B18),-1)>0,"J_M3H",IFERROR(FIND("H-IIA",B18),-1)>0,"J_H2A",IFERROR(FIND("H-IIB",B18),-1)>0,"J_H2B",IFERROR(FIND("H-II",B18),-1)>0,"J_H2",IFERROR(FIND("H-I",B18),-1)>0,"J_H1",IFERROR(FIND("N-II",B18),-1)>0,"J_N2",IFERROR(FIND("N-I",B18),-1)>0,"J_N1",IFERROR(FIND("イプシロン",B18),-1)>0,"J_E",TRUE,"")} -> J_M3S2 | F18: 8 | G18: =IF(E18<>"",E18&"_"&F18,"") -> J_M3S2_8
A19: 01/15 22:45:00 | B19: ★1995年の今日1/15 22:45、M-3SIIロケット8号機で自立帰還型無人宇宙実験システム(EXPRESS) が打ち上げられました。重量過多による異常振動のため予定の軌道には投入できず実験は失敗しました。機体自体は翌年回収されました。 | C19: =LEN(B19) -> 121 | D19: n011502t1 | E19: {=_xlfn.IFS(IFERROR(FIND("M-3SII",B19),-1)>0,"J_M3S2",IFERROR(FIND("M-V",B19),-1)>0,"J_M5",IFERROR(FIND("M-4S",B19),-1)>0,"J_M4S",IFERROR(FIND("M-3C",B19),-1)>0,"J_M3C",IFERROR(FIND("M-3S",B19),-1)>0,"J_M3S",IFERROR(FIND("M-3H",B19),-1)>0,"J_M3H",IFERROR(FIND("H-IIA",B19),-1)>0,"J_H2A",IFERROR(FIND("H-IIB",B19),-1)>0,"J_H2B",IFERROR(FIND("H-II",B19),-1)>0,"J_H2",IFERROR(FIND("H-I",B19),-1)>0,"J_H1",IFERROR(FIND("N-II",B19),-1)>0,"J_N2",IFERROR(FIND("N-I",B19),-1)>0,"J_N1",IFERROR(FIND("イプシロン",B19),-1)>0,"J_E",TRUE,"")} -> J_M3S2 | F19: 8 | G19: =IF(E19<>"",E19&"_"&F19,"") -> J_M3S2_8
A20: 01/16 07:00:00 | B20: 【今日の人工衛星】1/16 2003年：STS-107 スペースシャトル・コロンビアの打上。コロンビアは、同年2月1日の地球帰還時に空中分解事故を起こしている。 | C20: =LEN(B20) -> 81 | D20: n011601d | E20: {=_xlfn.IFS(IFERROR(FIND("M-3SII",B20),-1)>0,"J_M3S2",IFERROR(FIND("M-V",B20),-1)>0,"J_M5",IFERROR(FIND("M-4S",B20),-1)>0,"J_M4S",IFERROR(FIND("M-3C",B20),-1)>0,"J_M3C",IFERROR(FIND("M-3S",B20),-1)>0,"J_M3S",IFERROR(FIND("M-3H",B20),-1)>0,"J_M3H",IFERROR(FIND("H-IIA",B20),-1)>0,"J_H2A",IFERROR(FIND("H-IIB",B20),-1)>0,"J_H2B",IFERROR(FIND("H-II",B20),-1)>0,"J_H2",IFERROR(FIND("H-I",B20),-1)>0,"J_H1",IFERROR(FIND("N-II",B20),-1)>0,"J_N2",IFERROR(FIND("N-I",B20),-1)>0,"J_N1",IFERROR(FIND("イプシロン",B20),-1)>0,"J_E",TRUE,"")} | G20: =IF(E20<>"",E20&"_"&F20,"")
A21: 01/17 07:00:00 | B21: 【今日の人工衛星】1/17 1968年：Ferret 11 アメリカの軍事衛星。ソ連の防空レーダーの観測、音声通信の傍受、ミサイルや衛星の通信の記録などを行った | C21: =LEN(B21) -> 80 | D21: n011701d | E21: {=_xlfn.IFS(IFERROR(FIND("M-3SII",B21),-1)>0,"J_M3S2",IFERROR(FIND("M-V",B21),-1)>0,"J_M5",IFERROR(FIND("M-4S",B21),-1)>0,"J_M4S",IFERROR(FIND("M-3C",B21),-1)>0,"J_M3C",IFERROR(FIND("M-3S",B21),-1)>0,"J_M3S",IFERROR(FIND("M-3H",B21),-1)>0,"J_M3H",IFERROR(FIND("H-IIA",B21),-1)>0,"J_H2A",IFERROR(FIND("H-IIB",B21),-1)>0,"J_H2B",IFERROR(FIND("H-II",B21),-1)>0,"J_H2",IFERROR(FIND("H-I",B21),-1)>0,"J_H1",IFERROR(FIND("N-II",B21),-1)>0,"J_N2",IFERROR(FIND("N-I",B21),-1)>0,"J_N1",IFERROR(FIND("イプシロン",B21),-1)>0,"J_E",TRUE,"")} | G21: =IF(E21<>"",E21&"_"&F21,"")
A22: 01/18 07:00:00 | B22: 【今日の人工衛星】1/18 1963年：1965-003A アメリカ空軍の打ち上げた物体。詳細情報はNSSDCからは確認できず。1979年に消滅した模様。 | C22: =LEN(B22) -> 77 | D22: n011801d | E22: {=_xlfn.IFS(IFERROR(FIND("M-3SII",B22),-1)>0,"J_M3S2",IFERROR(FIND("M-V",B22),-1)>0,"J_M5",IFERROR(FIND("M-4S",B22),-1)>0,"J_M4S",IFERROR(FIND("M-3C",B22),-1)>0,"J_M3C",IFERROR(FIND("M-3S",B22),-1)>0,"J_M3S",IFERROR(FIND("M-3H",B22),-1)>0,"J_M3H",IFERROR(FIND("H-IIA",B22),-1)>0,"J_H2A",IFERROR(FIND("H-IIB",B22),-1)>0,"J_H2B",IFERROR(FIND("H-II",B22),-1)>0,"J_H2",IFERROR(FIND("H-I",B22),-1)>0,"J_H1",IFERROR(FIND("N-II",B22),-1)>0,"J_N2",IFERROR(FIND("N-I",B22),-1)>0,"J_N1",IFERROR(FIND("イプシロン",B22),-1)>0,"J_E",TRUE,"")} | G22: =IF(E22<>"",E22&"_"&F22,"")
A23: 01/19 07:00:00 | B23: 【今日の人工衛星】1/19 2006年：ニューホライズンズ アメリカの惑星探査機。人類初の冥王星探査機である。打ち上げ直後の速度30km/sは史上最速、月軌道および木星までも史上最速で駆け抜け、冥王星を2015年から2016年にかけて探査。その後は太陽系外縁天体を観測予定。 | C23: =LEN(B23) -> 137 | D23: n011901d | E23: {=_xlfn.IFS(IFERROR(FIND("M-3SII",B23),-1)>0,"J_M3S2",IFERROR(FIND("M-V",B23),-1)>0,"J_M5",IFERROR(FIND("M-4S",B23),-1)>0,"J_M4S",IFERROR(FIND("M-3C",B23),-1)>0,"J_M3C",IFERROR(FIND("M-3S",B23),-1)>0,"J_M3S",IFERROR(FIND("M-3H",B23),-1)>0,"J_M3H",IFERROR(FIND("H-IIA",B23),-1)>0,"J_H2A",IFERROR(FIND("H-IIB",B23),-1)>0,"J_H2B",IFERROR(FIND("H-II",B23),-1)>0,"J_H2",IFERROR(FIND("H-I",B23),-1)>0,"J_H1",IFERROR(FIND("N-II",B23),-1)>0,"J_N2",IFERROR(FIND("N-I",B23),-1)>0,"J_N1",IFERROR(FIND("イプシロン",B23),-1)>0,"J_E",TRUE,"")} | G23: =IF(E23<>"",E23&"_"&F23,"") | H23: 20180404 | I23: 修正
A24: 01/20 07:00:00 | B24: 【今日の人工衛星】1/20 1978年：プログレス1号 旧ソ連・ロシアの宇宙補給船プログレスの初号機。サリュート6号への物資輸送に使用した。その後プログレスは42機作成、現在は次々世代のプログレスが使用されている | C24: =LEN(B24) -> 106 | D24: n012001d | E24: {=_xlfn.IFS(IFERROR(FIND("M-3SII",B24),-1)>0,"J_M3S2",IFERROR(FIND("M-V",B24),-1)>0,"J_M5",IFERROR(FIND("M-4S",B24),-1)>0,"J_M4S",IFERROR(FIND("M-3C",B24),-1)>0,"J_M3C",IFERROR(FIND("M-3S",B24),-1)>0,"J_M3S",IFERROR(FIND("M-3H",B24),-1)>0,"J_M3H",IFERROR(FIND("H-IIA",B24),-1)>0,"J_H2A",IFERROR(FIND("H-IIB",B24),-1)>0,"J_H2B",IFERROR(FIND("H-II",B24),-1)>0,"J_H2",IFERROR(FIND("H-I",B24),-1)>0,"J_H1",IFERROR(FIND("N-II",B24),-1)>0,"J_N2",IFERROR(FIND("N-I",B24),-1)>0,"J_N1",IFERROR(FIND("イプシロン",B24),-1)>0,"J_E",TRUE,"")} | G24: =IF(E24<>"",E24&"_"&F24,"")
A25: 01/21 07:00:00 | B25: 【今日の人工衛星】1/21 1964年：Relay 2 アメリカの実験通信衛星。初の太平洋横断TV中継を行ったのはRelay1だが、その同型機 | C25: =LEN(B25) -> 71 | D25: n012101d | E25: {=_xlfn.IFS(IFERROR(FIND("M-3SII",B25),-1)>0,"J_M3S2",IFERROR(FIND("M-V",B25),-1)>0,"J_M5",IFERROR(FIND("M-4S",B25),-1)>0,"J_M4S",IFERROR(FIND("M-3C",B25),-1)>0,"J_M3C",IFERROR(FIND("M-3S",B25),-1)>0,"J_M3S",IFERROR(FIND("M-3H",B25),-1)>0,"J_M3H",IFERROR(FIND("H-IIA",B25),-1)>0,"J_H2A",IFERROR(FIND("H-IIB",B25),-1)>0,"J_H2B",IFERROR(FIND("H-II",B25),-1)>0,"J_H2",IFERROR(FIND("H-I",B25),-1)>0,"J_H1",IFERROR(FIND("N-II",B25),-1)>0,"J_N2",IFERROR(FIND("N-I",B25),-1)>0,"J_N1",IFERROR(FIND("イプシロン",B25),-1)>0,"J_E",TRUE,"")} | G25: =IF(E25<>"",E25&"_"&F25,"")
A26: 01/22 07:00:00 | B26: 【今日の人工衛星】1/22 2011年：HTV-2 日本の宇宙ステーション補給機の2号。このときから「こうのとり」の愛称がつけられた。国際宇宙ステーションへの補給を無事に完了した。 | C26: =LEN(B26) -> 90 | D26: n012201d | E26: J_H2B | F26: 2 | G26: =IF(E26<>"",E26&"_"&F26,"") -> J_H2B_2
A27: 01/22 14:37:57 | B27: ★2011年の今日1/22 14:37、H-IIBロケット2号機で宇宙ステーション補給機こうのとり2号機(HTV-2)が打ち上げられました。 | C27: =LEN(B27) -> 70 | D27: n012201t1 | E27: {=_xlfn.IFS(IFERROR(FIND("M-3SII",B27),-1)>0,"J_M3S2",IFERROR(FIND("M-V",B27),-1)>0,"J_M5",IFERROR(FIND("M-4S",B27),-1)>0,"J_M4S",IFERROR(FIND("M-3C",B27),-1)>0,"J_M3C",IFERROR(FIND("M-3S",B27),-1)>0,"J_M3S",IFERROR(FIND("M-3H",B27),-1)>0,"J_M3H",IFERROR(FIND("H-IIA",B27),-1)>0,"J_H2A",IFERROR(FIND("H-IIB",B27),-1)>0,"J_H2B",IFERROR(FIND("H-II",B27),-1)>0,"J_H2",IFERROR(FIND("H-I",B27),-1)>0,"J_H1",IFERROR(FIND("N-II",B27),-1)>0,"J_N2",IFERROR(FIND("N-I",B27),-1)>0,"J_N1",IFERROR(FIND("イプシロン",B27),-1)>0,"J_E",TRUE,"")} -> J_H2B | F27: 2 | G27: =IF(E27<>"",E27&"_"&F27,"") -> J_H2B_2
A28: 01/23 07:00:00 | B28: 【今日の人工衛星】1/23 1984年：ゆり2号a 日本の放送衛星。打ち上げ直後に太陽電池の故障が見つかったため、NHKの衛星放送は2チャンネルの予定を1チャンネルに縮小することを余儀なくされた | C28: =LEN(B28) -> 97 | D28: n012301d | E28: {=_xlfn.IFS(IFERROR(FIND("M-3SII",B28),-1)>0,"J_M3S2",IFERROR(FIND("M-V",B28),-1)>0,"J_M5",IFERROR(FIND("M-4S",B28),-1)>0,"J_M4S",IFERROR(FIND("M-3C",B28),-1)>0,"J_M3C",IFERROR(FIND("M-3S",B28),-1)>0,"J_M3S",IFERROR(FIND("M-3H",B28),-1)>0,"J_M3H",IFERROR(FIND("H-IIA",B28),-1)>0,"J_H2A",IFERROR(FIND("H-IIB",B28),-1)>0,"J_H2B",IFERROR(FIND("H-II",B28),-1)>0,"J_H2",IFERROR(FIND("H-I",B28),-1)>0,"J_H1",IFERROR(FIND("N-II",B28),-1)>0,"J_N2",IFERROR(FIND("N-I",B28),-1)>0,"J_N1",IFERROR(FIND("イプシロン",B28),-1)>0,"J_E",TRUE,"")} | G28: =IF(E28<>"",E28&"_"&F28,"")
A29: 01/23 07:01:00 | B29: 【今日の人工衛星】1/23 2009年：いぶき 日本の地球観測衛星。温室効果ガス測定を目的としている。当初の計画に変更が加えられ、京都議定書への寄与する観測に重点が絞られている | C29: =LEN(B29) -> 88 | D29: n012302d | E29: J_H2A | F29: 15 | G29: =IF(E29<>"",E29&"_"&F29,"") -> J_H2A_15
A30: 01/23 12:54:00 | B30: ★2009年の今日1/23 12:54、H-IIAロケット15号機で温室効果ガス観測技術衛星いぶき（GOSAT）と相乗り衛星7基が打ち上げられました。 | C30: =LEN(B30) -> 75 | D30: n012302t1 | E30: {=_xlfn.IFS(IFERROR(FIND("M-3SII",B30),-1)>0,"J_M3S2",IFERROR(FIND("M-V",B30),-1)>0,"J_M5",IFERROR(FIND("M-4S",B30),-1)>0,"J_M4S",IFERROR(FIND("M-3C",B30),-1)>0,"J_M3C",IFERROR(FIND("M-3S",B30),-1)>0,"J_M3S",IFERROR(FIND("M-3H",B30),-1)>0,"J_M3H",IFERROR(FIND("H-IIA",B30),-1)>0,"J_H2A",IFERROR(FIND("H-IIB",B30),-1)>0,"J_H2B",IFERROR(FIND("H-II",B30),-1)>0,"J_H2",IFERROR(FIND("H-I",B30),-1)>0,"J_H1",IFERROR(FIND("N-II",B30),-1)>0,"J_N2",IFERROR(FIND("N-I",B30),-1)>0,"J_N1",IFERROR(FIND("イプシロン",B30),-1)>0,"J_E",TRUE,"")} -> J_H2A | F30: 15 | G30: =IF(E30<>"",E30&"_"&F30,"") -> J_H2A_15
A31: 01/23 13:18:00 | B31: ★H-IIAロケット15号機の打上から24分後、小型実証衛星1型（JAXA）が分離されました。 | C31: =LEN(B31) -> 47 | D31: n012302t2 | E31: {=_xlfn.IFS(IFERROR(FIND("M-3SII",B31),-1)>0,"J_M3S2",IFERROR(FIND("M-V",B31),-1)>0,"J_M5",IFERROR(FIND("M-4S",B31),-1)>0,"J_M4S",IFERROR(FIND("M-3C",B31),-1)>0,"J_M3C",IFERROR(FIND("M-3S",B31),-1)>0,"J_M3S",IFERROR(FIND("M-3H",B31),-1)>0,"J_M3H",IFERROR(FIND("H-IIA",B31),-1)>0,"J_H2A",IFERROR(FIND("H-IIB",B31),-1)>0,"J_H2B",IFERROR(FIND("H-II",B31),-1)>0,"J_H2",IFERROR(FIND("H-I",B31),-1)>0,"J_H1",IFERROR(FIND("N-II",B31),-1)>0,"J_N2",IFERROR(FIND("N-I",B31),-1)>0,"J_N1",IFERROR(FIND("イプシロン",B31),-1)>0,"J_E",TRUE,"")} -> J_H2A | F31: 15 | G31: =IF(E31<>"",E31&"_"&F31,"") -> J_H2A_15
A32: 01/23 13:22:00 | B32: ★H-IIAロケット15号機の打上から28分後、雷神（東北大・スプライト観測衛星）が分離されました。 | C32: =LEN(B32) -> 50 | D32: n012302t3 | E32: {=_xlfn.IFS(IFERROR(FIND("M-3SII",B32),-1)>0,"J_M3S2",IFERROR(FIND("M-V",B32),-1)>0,"J_M5",IFERROR(FIND("M-4S",B32),-1)>0,"J_M4S",IFERROR(FIND("M-3C",B32),-1)>0,"J_M3C",IFERROR(FIND("M-3S",B32),-1)>0,"J_M3S",IFERROR(FIND("M-3H",B32),-1)>0,"J_M3H",IFERROR(FIND("H-IIA",B32),-1)>0,"J_H2A",IFERROR(FIND("H-IIB",B32),-1)>0,"J_H2B",IFERROR(FIND("H-II",B32),-1)>0,"J_H2",IFERROR(FIND("H-I",B32),-1)>0,"J_H1",IFERROR(FIND("N-II",B32),-1)>0,"J_N2",IFERROR(FIND("N-I",B32),-1)>0,"J_N1",IFERROR(FIND("イプシロン",B32),-1)>0,"J_E",TRUE,"")} -> J_H2A | F32: 15 | G32: =IF(E32<>"",E32&"_"&F32,"") -> J_H2A_15
A33: 01/23 13:26:00 | B33: ★H-IIAロケット15号機の打上から32分後、まいど1号（東大阪宇宙開発協同組合）が分離されました。 | C33: =LEN(B33) -> 51 | D33: n012302t4 | E33: {=_xlfn.IFS(IFERROR(FIND("M-3SII",B33),-1)>0,"J_M3S2",IFERROR(FIND("M-V",B33),-1)>0,"J_M5",IFERROR(FIND("M-4S",B33),-1)>0,"J_M4S",IFERROR(FIND("M-3C",B33),-1)>0,"J_M3C",IFERROR(FIND("M-3S",B33),-1)>0,"J_M3S",IFERROR(FIND("M-3H",B33),-1)>0,"J_M3H",IFERROR(FIND("H-IIA",B33),-1)>0,"J_H2A",IFERROR(FIND("H-IIB",B33),-1)>0,"J_H2B",IFERROR(FIND("H-II",B33),-1)>0,"J_H2",IFERROR(FIND("H-I",B33),-1)>0,"J_H1",IFERROR(FIND("N-II",B33),-1)>0,"J_N2",IFERROR(FIND("N-I",B33),-1)>0,"J_N1",IFERROR(FIND("イプシロン",B33),-1)>0,"J_E",TRUE,"")} -> J_H2A | F33: 15 | G33: =IF(E33<>"",E33&"_"&F33,"") -> J_H2A_15
A34: 01/23 13:30:00 | B34: ★H-IIAロケット15号機の打上から36分後、かがやき（ソラン（株））が分離されました。 | C34: =LEN(B34) -> 45 | D34: n012302t5 | E34: {=_xlfn.IFS(IFERROR(FIND("M-3SII",B34),-1)>0,"J_M3S2",IFERROR(FIND("M-V",B34),-1)>0,"J_M5",IFERROR(FIND("M-4S",B34),-1)>0,"J_M4S",IFERROR(FIND("M-3C",B34),-1)>0,"J_M3C",IFERROR(FIND("M-3S",B34),-1)>0,"J_M3S",IFERROR(FIND("M-3H",B34),-1)>0,"J_M3H",IFERROR(FIND("H-IIA",B34),-1)>0,"J_H2A",IFERROR(FIND("H-IIB",B34),-1)>0,"J_H2B",IFERROR(FIND("H-II",B34),-1)>0,"J_H2",IFERROR(FIND("H-I",B34),-1)>0,"J_H1",IFERROR(FIND("N-II",B34),-1)>0,"J_N2",IFERROR(FIND("N-I",B34),-1)>0,"J_N1",IFERROR(FIND("イプシロン",B34),-1)>0,"J_E",TRUE,"")} -> J_H2A | F34: 15 | G34: =IF(E34<>"",E34&"_"&F34,"") -> J_H2A_15
A35: 01/23 13:34:00 | B35: ★H-IIAロケット15号機の打上から40分後、輝汐（航空高専）が分離されました。 | C35: =LEN(B35) -> 41 | D35: n012302t6 | E35: {=_xlfn.IFS(IFERROR(FIND("M-3SII",B35),-1)>0,"J_M3S2",IFERROR(FIND("M-V",B35),-1)>0,"J_M5",IFERROR(FIND("M-4S",B35),-1)>0,"J_M4S",IFERROR(FIND("M-3C",B35),-1)>0,"J_M3C",IFERROR(FIND("M-3S",B35),-1)>0,"J_M3S",IFERROR(FIND("M-3H",B35),-1)>0,"J_M3H",IFERROR(FIND("H-IIA",B35),-1)>0,"J_H2A",IFERROR(FIND("H-IIB",B35),-1)>0,"J_H2B",IFERROR(FIND("H-II",B35),-1)>0,"J_H2",IFERROR(FIND("H-I",B35),-1)>0,"J_H1",IFERROR(FIND("N-II",B35),-1)>0,"J_N2",IFERROR(FIND("N-I",B35),-1)>0,"J_N1",IFERROR(FIND("イプシロン",B35),-1)>0,"J_E",TRUE,"")} -> J_H2A | F35: 15 | G35: =IF(E35<>"",E35&"_"&F35,"") -> J_H2A_15
A36: 01/23 13:39:00 | B36: ★H-IIAロケット15号機の打上から45分後、空海（香川大学）が分離されました。 | C36: =LEN(B36) -> 41 | D36: n012302t7 | E36: {=_xlfn.IFS(IFERROR(FIND("M-3SII",B36),-1)>0,"J_M3S2",IFERROR(FIND("M-V",B36),-1)>0,"J_M5",IFERROR(FIND("M-4S",B36),-1)>0,"J_M4S",IFERROR(FIND("M-3C",B36),-1)>0,"J_M3C",IFERROR(FIND("M-3S",B36),-1)>0,"J_M3S",IFERROR(FIND("M-3H",B36),-1)>0,"J_M3H",IFERROR(FIND("H-IIA",B36),-1)>0,"J_H2A",IFERROR(FIND("H-IIB",B36),-1)>0,"J_H2B",IFERROR(FIND("H-II",B36),-1)>0,"J_H2",IFERROR(FIND("H-I",B36),-1)>0,"J_H1",IFERROR(FIND("N-II",B36),-1)>0,"J_N2",IFERROR(FIND("N-I",B36),-1)>0,"J_N1",IFERROR(FIND("イプシロン",B36),-1)>0,"J_E",TRUE,"")} -> J_H2A | F36: 15 | G36: =IF(E36<>"",E36&"_"&F36,"") -> J_H2A_15
A37: 01/23 13:43:00 | B37: ★H-IIAロケット15号機の打上から49分後、ひとみ（PRISM、東京大学）が分離されました。ひとみ（PRISM）は2025年4月19日に大気圏に再突入しました。 https://www.n2yo.com/satellite/?s=33493 | C37: =LEN(B37) -> 122 | D37: n012302t8 | E37: {=_xlfn.IFS(IFERROR(FIND("M-3SII",B37),-1)>0,"J_M3S2",IFERROR(FIND("M-V",B37),-1)>0,"J_M5",IFERROR(FIND("M-4S",B37),-1)>0,"J_M4S",IFERROR(FIND("M-3C",B37),-1)>0,"J_M3C",IFERROR(FIND("M-3S",B37),-1)>0,"J_M3S",IFERROR(FIND("M-3H",B37),-1)>0,"J_M3H",IFERROR(FIND("H-IIA",B37),-1)>0,"J_H2A",IFERROR(FIND("H-IIB",B37),-1)>0,"J_H2B",IFERROR(FIND("H-II",B37),-1)>0,"J_H2",IFERROR(FIND("H-I",B37),-1)>0,"J_H1",IFERROR(FIND("N-II",B37),-1)>0,"J_N2",IFERROR(FIND("N-I",B37),-1)>0,"J_N1",IFERROR(FIND("イプシロン",B37),-1)>0,"J_E",TRUE,"")} -> J_H2A | F37: 15 | G37: =IF(E37<>"",E37&"_"&F37,"") -> J_H2A_15 | H37: 20250620 | I37: 追記
A38: 01/24 07:00:00 | B38: 【今日の人工衛星】1/24 2006年：ALOS[だいち] 地球観測衛星、H-IIA 8号機で10:33に打ち上げ。東日本大震災直後の被災地の観測も行っていたが、2011年4月22日に活動が停止してしまい、5月12日に運用が停止された。 | C38: =LEN(B38) -> 118 | D38: n012401d | E38: J_H2A | F38: 8 | G38: =IF(E38<>"",E38&"_"&F38,"") -> J_H2A_8
A39: 01/24 10:33:00 | B39: ★2006年の今日1/24 10:33、H-IIAロケット8号機で地球観測衛星だいち(ALOS)が打ち上げられました。 | C39: =LEN(B39) -> 59 | D39: n012401t1 | E39: {=_xlfn.IFS(IFERROR(FIND("M-3SII",B39),-1)>0,"J_M3S2",IFERROR(FIND("M-V",B39),-1)>0,"J_M5",IFERROR(FIND("M-4S",B39),-1)>0,"J_M4S",IFERROR(FIND("M-3C",B39),-1)>0,"J_M3C",IFERROR(FIND("M-3S",B39),-1)>0,"J_M3S",IFERROR(FIND("M-3H",B39),-1)>0,"J_M3H",IFERROR(FIND("H-IIA",B39),-1)>0,"J_H2A",IFERROR(FIND("H-IIB",B39),-1)>0,"J_H2B",IFERROR(FIND("H-II",B39),-1)>0,"J_H2",IFERROR(FIND("H-I",B39),-1)>0,"J_H1",IFERROR(FIND("N-II",B39),-1)>0,"J_N2",IFERROR(FIND("N-I",B39),-1)>0,"J_N1",IFERROR(FIND("イプシロン",B39),-1)>0,"J_E",TRUE,"")} -> J_H2A | F39: 8 | G39: =IF(E39<>"",E39&"_"&F39,"") -> J_H2A_8
A40: 01/24 07:01:00 | B40: 【今日の人工衛星】1/24 1990年：MUSES-A[ひてん] 工学実験衛星、M-3SII 5号機で20:46打ち上げ。初のエアロブレーキ実験に成功、日本がスウィングバイを含め衛星を自由に操る技術を習得することができた。 | C40: =LEN(B40) -> 111 | D40: n012402d | E40: {=_xlfn.IFS(IFERROR(FIND("M-3SII",B40),-1)>0,"J_M3S2",IFERROR(FIND("M-V",B40),-1)>0,"J_M5",IFERROR(FIND("M-4S",B40),-1)>0,"J_M4S",IFERROR(FIND("M-3C",B40),-1)>0,"J_M3C",IFERROR(FIND("M-3S",B40),-1)>0,"J_M3S",IFERROR(FIND("M-3H",B40),-1)>0,"J_M3H",IFERROR(FIND("H-IIA",B40),-1)>0,"J_H2A",IFERROR(FIND("H-IIB",B40),-1)>0,"J_H2B",IFERROR(FIND("H-II",B40),-1)>0,"J_H2",IFERROR(FIND("H-I",B40),-1)>0,"J_H1",IFERROR(FIND("N-II",B40),-1)>0,"J_N2",IFERROR(FIND("N-I",B40),-1)>0,"J_N1",IFERROR(FIND("イプシロン",B40),-1)>0,"J_E",TRUE,"")} -> J_M3S2 | F40: 5 | G40: =IF(E40<>"",E40&"_"&F40,"") -> J_M3S2_5
A41: 01/24 20:46:00 | B41: ★1990年の今日1/24 20:46、M-3SIIロケット5号機で工学実験衛星ひてん（MUSES-A）が打ち上げられました。 | C41: =LEN(B41) -> 63 | D41: n012402t1 | E41: {=_xlfn.IFS(IFERROR(FIND("M-3SII",B41),-1)>0,"J_M3S2",IFERROR(FIND("M-V",B41),-1)>0,"J_M5",IFERROR(FIND("M-4S",B41),-1)>0,"J_M4S",IFERROR(FIND("M-3C",B41),-1)>0,"J_M3C",IFERROR(FIND("M-3S",B41),-1)>0,"J_M3S",IFERROR(FIND("M-3H",B41),-1)>0,"J_M3H",IFERROR(FIND("H-IIA",B41),-1)>0,"J_H2A",IFERROR(FIND("H-IIB",B41),-1)>0,"J_H2B",IFERROR(FIND("H-II",B41),-1)>0,"J_H2",IFERROR(FIND("H-I",B41),-1)>0,"J_H1",IFERROR(FIND("N-II",B41),-1)>0,"J_N2",IFERROR(FIND("N-I",B41),-1)>0,"J_N1",IFERROR(FIND("イプシロン",B41),-1)>0,"J_E",TRUE,"")} -> J_M3S2 | F41: 5 | G41: =IF(E41<>"",E41&"_"&F41,"") -> J_M3S2_5
A42: 01/25 07:00:00 | B42: 【今日の人工衛星】1/25 1994年：Clementine[クレメンタイン] 月探査衛星。月の南極に常に日光が当たらない領域(永久影)を発見。水の存在の示唆を得る。タイタン23Gで8:34に打ち上げ。 | C42: =LEN(B42) -> 101 | D42: n012501d | E42: {=_xlfn.IFS(IFERROR(FIND("M-3SII",B42),-1)>0,"J_M3S2",IFERROR(FIND("M-V",B42),-1)>0,"J_M5",IFERROR(FIND("M-4S",B42),-1)>0,"J_M4S",IFERROR(FIND("M-3C",B42),-1)>0,"J_M3C",IFERROR(FIND("M-3S",B42),-1)>0,"J_M3S",IFERROR(FIND("M-3H",B42),-1)>0,"J_M3H",IFERROR(FIND("H-IIA",B42),-1)>0,"J_H2A",IFERROR(FIND("H-IIB",B42),-1)>0,"J_H2B",IFERROR(FIND("H-II",B42),-1)>0,"J_H2",IFERROR(FIND("H-I",B42),-1)>0,"J_H1",IFERROR(FIND("N-II",B42),-1)>0,"J_N2",IFERROR(FIND("N-I",B42),-1)>0,"J_N1",IFERROR(FIND("イプシロン",B42),-1)>0,"J_E",TRUE,"")} | G42: =IF(E42<>"",E42&"_"&F42,"")
A43: 01/26 07:00:00 | B43: 【今日の人工衛星】1/26 1978年：IUE[別名：エクスプローラー57号]紫外線天文衛星、アメリカ航空宇宙局(NASA)/欧州宇宙機関(ESA)/イギリス科学研究評議会(SRC)の共同開発。 | C43: =LEN(B43) -> 98 | D43: n012601d | E43: {=_xlfn.IFS(IFERROR(FIND("M-3SII",B43),-1)>0,"J_M3S2",IFERROR(FIND("M-V",B43),-1)>0,"J_M5",IFERROR(FIND("M-4S",B43),-1)>0,"J_M4S",IFERROR(FIND("M-3C",B43),-1)>0,"J_M3C",IFERROR(FIND("M-3S",B43),-1)>0,"J_M3S",IFERROR(FIND("M-3H",B43),-1)>0,"J_M3H",IFERROR(FIND("H-IIA",B43),-1)>0,"J_H2A",IFERROR(FIND("H-IIB",B43),-1)>0,"J_H2B",IFERROR(FIND("H-II",B43),-1)>0,"J_H2",IFERROR(FIND("H-I",B43),-1)>0,"J_H1",IFERROR(FIND("N-II",B43),-1)>0,"J_N2",IFERROR(FIND("N-I",B43),-1)>0,"J_N1",IFERROR(FIND("イプシロン",B43),-1)>0,"J_E",TRUE,"")} | G43: =IF(E43<>"",E43&"_"&F43,"")
A44: 01/27 07:00:00 | B44: 【今日の人工衛星】1/27 2000年：JAWSAT/ASUSat1他 JAWSATは複数の子衛星を射出できる衛星、アマチュア衛星を4個放出。 参考： https://www.jamsat.or.jp/oscar/jawsat/index.html | C44: =LEN(B44) -> 124 | D44: n012701d | E44: {=_xlfn.IFS(IFERROR(FIND("M-3SII",B44),-1)>0,"J_M3S2",IFERROR(FIND("M-V",B44),-1)>0,"J_M5",IFERROR(FIND("M-4S",B44),-1)>0,"J_M4S",IFERROR(FIND("M-3C",B44),-1)>0,"J_M3C",IFERROR(FIND("M-3S",B44),-1)>0,"J_M3S",IFERROR(FIND("M-3H",B44),-1)>0,"J_M3H",IFERROR(FIND("H-IIA",B44),-1)>0,"J_H2A",IFERROR(FIND("H-IIB",B44),-1)>0,"J_H2B",IFERROR(FIND("H-II",B44),-1)>0,"J_H2",IFERROR(FIND("H-I",B44),-1)>0,"J_H1",IFERROR(FIND("N-II",B44),-1)>0,"J_N2",IFERROR(FIND("N-I",B44),-1)>0,"J_N1",IFERROR(FIND("イプシロン",B44),-1)>0,"J_E",TRUE,"")} | G44: =IF(E44<>"",E44&"_"&F44,"")
A45: 01/27 07:01:00 | B45: 【今日の人工衛星・番外編】1/27 1967年：アポロ1号事故 発射台にて発射の予行演習中に火災が発生、船長ガス・グリソム、副操縦士エドワード・ホワイト、飛行士ロジャー・チャフィーの3人の飛行士が犠牲となった。ガス・グリソムはマーキュリー計画の飛行士の1人。 | C45: =LEN(B45) -> 129 | D45: n012702d | E45: {=_xlfn.IFS(IFERROR(FIND("M-3SII",B45),-1)>0,"J_M3S2",IFERROR(FIND("M-V",B45),-1)>0,"J_M5",IFERROR(FIND("M-4S",B45),-1)>0,"J_M4S",IFERROR(FIND("M-3C",B45),-1)>0,"J_M3C",IFERROR(FIND("M-3S",B45),-1)>0,"J_M3S",IFERROR(FIND("M-3H",B45),-1)>0,"J_M3H",IFERROR(FIND("H-IIA",B45),-1)>0,"J_H2A",IFERROR(FIND("H-IIB",B45),-1)>0,"J_H2B",IFERROR(FIND("H-II",B45),-1)>0,"J_H2",IFERROR(FIND("H-I",B45),-1)>0,"J_H1",IFERROR(FIND("N-II",B45),-1)>0,"J_N2",IFERROR(FIND("N-I",B45),-1)>0,"J_N1",IFERROR(FIND("イプシロン",B45),-1)>0,"J_E",TRUE,"")} | G45: =IF(E45<>"",E45&"_"&F45,"")
A46: 01/28 07:00:00 | B46: 【今日の人工衛星】1/28 1986年：スペースシャトル「チャレンジャー号」爆発事故、7名の乗員が犠牲になり、TDRS-B[データ中継衛星]/Spartan(ハレー彗星観測衛星)が失われた。 | C46: =LEN(B46) -> 96 | D46: n012801d | E46: {=_xlfn.IFS(IFERROR(FIND("M-3SII",B46),-1)>0,"J_M3S2",IFERROR(FIND("M-V",B46),-1)>0,"J_M5",IFERROR(FIND("M-4S",B46),-1)>0,"J_M4S",IFERROR(FIND("M-3C",B46),-1)>0,"J_M3C",IFERROR(FIND("M-3S",B46),-1)>0,"J_M3S",IFERROR(FIND("M-3H",B46),-1)>0,"J_M3H",IFERROR(FIND("H-IIA",B46),-1)>0,"J_H2A",IFERROR(FIND("H-IIB",B46),-1)>0,"J_H2B",IFERROR(FIND("H-II",B46),-1)>0,"J_H2",IFERROR(FIND("H-I",B46),-1)>0,"J_H1",IFERROR(FIND("N-II",B46),-1)>0,"J_N2",IFERROR(FIND("N-I",B46),-1)>0,"J_N1",IFERROR(FIND("イプシロン",B46),-1)>0,"J_E",TRUE,"")} | G46: =IF(E46<>"",E46&"_"&F46,"")
A47: 01/29 07:00:00 | B47: 【今日の人工衛星】1/29 1964年：Saturn-SA5[サターンI型ロケット]5回目の打ち上げ実験。アポロ計画における初の搭載物が地球周回軌道投入、総重量は16t以上に及んだ。 | C47: =LEN(B47) -> 92 | D47: n012901d | E47: {=_xlfn.IFS(IFERROR(FIND("M-3SII",B47),-1)>0,"J_M3S2",IFERROR(FIND("M-V",B47),-1)>0,"J_M5",IFERROR(FIND("M-4S",B47),-1)>0,"J_M4S",IFERROR(FIND("M-3C",B47),-1)>0,"J_M3C",IFERROR(FIND("M-3S",B47),-1)>0,"J_M3S",IFERROR(FIND("M-3H",B47),-1)>0,"J_M3H",IFERROR(FIND("H-IIA",B47),-1)>0,"J_H2A",IFERROR(FIND("H-IIB",B47),-1)>0,"J_H2B",IFERROR(FIND("H-II",B47),-1)>0,"J_H2",IFERROR(FIND("H-I",B47),-1)>0,"J_H1",IFERROR(FIND("N-II",B47),-1)>0,"J_N2",IFERROR(FIND("N-I",B47),-1)>0,"J_N1",IFERROR(FIND("イプシロン",B47),-1)>0,"J_E",TRUE,"")} | G47: =IF(E47<>"",E47&"_"&F47,"")
A48: 01/30 07:00:00 | B48: 【今日の人工衛星】1/30 1969年：ISIS 1 カナダの電離層研究のための科学衛星、1984年の運用終了後、1990年まで日本が使用した。 どういう経緯で日本が使用権を得たんだろう… | C48: =LEN(B48) -> 95 | D48: n013001d | E48: {=_xlfn.IFS(IFERROR(FIND("M-3SII",B48),-1)>0,"J_M3S2",IFERROR(FIND("M-V",B48),-1)>0,"J_M5",IFERROR(FIND("M-4S",B48),-1)>0,"J_M4S",IFERROR(FIND("M-3C",B48),-1)>0,"J_M3C",IFERROR(FIND("M-3S",B48),-1)>0,"J_M3S",IFERROR(FIND("M-3H",B48),-1)>0,"J_M3H",IFERROR(FIND("H-IIA",B48),-1)>0,"J_H2A",IFERROR(FIND("H-IIB",B48),-1)>0,"J_H2B",IFERROR(FIND("H-II",B48),-1)>0,"J_H2",IFERROR(FIND("H-I",B48),-1)>0,"J_H1",IFERROR(FIND("N-II",B48),-1)>0,"J_N2",IFERROR(FIND("N-I",B48),-1)>0,"J_N1",IFERROR(FIND("イプシロン",B48),-1)>0,"J_E",TRUE,"")} | G48: =IF(E48<>"",E48&"_"&F48,"")
A49: 01/31 07:00:00 | B49: 【今日の人工衛星】1/31 1966年：ルナ9号 世界初の月面軟着陸。1971年：アポロ14号 アメリカ人初の宇宙飛行士アラン・シェパードが船長。彼は人類初の月面ゴルフをした。 | C49: =LEN(B49) -> 89 | D49: n013101d | E49: {=_xlfn.IFS(IFERROR(FIND("M-3SII",B49),-1)>0,"J_M3S2",IFERROR(FIND("M-V",B49),-1)>0,"J_M5",IFERROR(FIND("M-4S",B49),-1)>0,"J_M4S",IFERROR(FIND("M-3C",B49),-1)>0,"J_M3C",IFERROR(FIND("M-3S",B49),-1)>0,"J_M3S",IFERROR(FIND("M-3H",B49),-1)>0,"J_M3H",IFERROR(FIND("H-IIA",B49),-1)>0,"J_H2A",IFERROR(FIND("H-IIB",B49),-1)>0,"J_H2B",IFERROR(FIND("H-II",B49),-1)>0,"J_H2",IFERROR(FIND("H-I",B49),-1)>0,"J_H1",IFERROR(FIND("N-II",B49),-1)>0,"J_N2",IFERROR(FIND("N-I",B49),-1)>0,"J_N1",IFERROR(FIND("イプシロン",B49),-1)>0,"J_E",TRUE,"")} | G49: =IF(E49<>"",E49&"_"&F49,"")
A50: 02/01 07:00:00 | B50: 【今日の人工衛星】2/1 1958年：エクスプローラー1号 米国初の人工衛星。重量13kg、スプートニク1号の83kgより軽量。 そして、2003年のコロンビア号空中分解事故の日でもあります… | C50: =LEN(B50) -> 97 | D50: n020101d | E50: {=_xlfn.IFS(IFERROR(FIND("M-3SII",B50),-1)>0,"J_M3S2",IFERROR(FIND("M-V",B50),-1)>0,"J_M5",IFERROR(FIND("M-4S",B50),-1)>0,"J_M4S",IFERROR(FIND("M-3C",B50),-1)>0,"J_M3C",IFERROR(FIND("M-3S",B50),-1)>0,"J_M3S",IFERROR(FIND("M-3H",B50),-1)>0,"J_M3H",IFERROR(FIND("H-IIA",B50),-1)>0,"J_H2A",IFERROR(FIND("H-IIB",B50),-1)>0,"J_H2B",IFERROR(FIND("H-II",B50),-1)>0,"J_H2",IFERROR(FIND("H-I",B50),-1)>0,"J_H1",IFERROR(FIND("N-II",B50),-1)>0,"J_N2",IFERROR(FIND("N-I",B50),-1)>0,"J_N1",IFERROR(FIND("イプシロン",B50),-1)>0,"J_E",TRUE,"")} | G50: =IF(E50<>"",E50&"_"&F50,"")
A51: 02/02 07:00:00 | B51: 【今日の人工衛星】2/2 2007年：北斗2A号(1D号とも) 北斗-2計画の初号機。現在使用されているかは不明。 2009年：オミド イラン初の国産人工衛星。イラン革命30周年記念。 | C51: =LEN(B51) -> 94 | D51: n020201d | E51: {=_xlfn.IFS(IFERROR(FIND("M-3SII",B51),-1)>0,"J_M3S2",IFERROR(FIND("M-V",B51),-1)>0,"J_M5",IFERROR(FIND("M-4S",B51),-1)>0,"J_M4S",IFERROR(FIND("M-3C",B51),-1)>0,"J_M3C",IFERROR(FIND("M-3S",B51),-1)>0,"J_M3S",IFERROR(FIND("M-3H",B51),-1)>0,"J_M3H",IFERROR(FIND("H-IIA",B51),-1)>0,"J_H2A",IFERROR(FIND("H-IIB",B51),-1)>0,"J_H2B",IFERROR(FIND("H-II",B51),-1)>0,"J_H2",IFERROR(FIND("H-I",B51),-1)>0,"J_H1",IFERROR(FIND("N-II",B51),-1)>0,"J_N2",IFERROR(FIND("N-I",B51),-1)>0,"J_N1",IFERROR(FIND("イプシロン",B51),-1)>0,"J_E",TRUE,"")} | G51: =IF(E51<>"",E51&"_"&F51,"")
A52: 02/02 07:01:00 | B52: 補足：イランは自力の打ち上げ能力を持つ9カ国目。V2ロケット⇒ソ連：スカッド⇒北朝鮮：ノドン⇒イラン：シャハブ（弾道ミサイル）⇒イラン：サフィール という流れで打上能力を確保。その後、北朝鮮とニュージーランド・韓国も打上能力を獲得し、合計12ヶ国が人工衛星打上実績を持つ。 | C52: =LEN(B52) -> 136 | D52: n020201d1 | E52: {=_xlfn.IFS(IFERROR(FIND("M-3SII",B52),-1)>0,"J_M3S2",IFERROR(FIND("M-V",B52),-1)>0,"J_M5",IFERROR(FIND("M-4S",B52),-1)>0,"J_M4S",IFERROR(FIND("M-3C",B52),-1)>0,"J_M3C",IFERROR(FIND("M-3S",B52),-1)>0,"J_M3S",IFERROR(FIND("M-3H",B52),-1)>0,"J_M3H",IFERROR(FIND("H-IIA",B52),-1)>0,"J_H2A",IFERROR(FIND("H-IIB",B52),-1)>0,"J_H2B",IFERROR(FIND("H-II",B52),-1)>0,"J_H2",IFERROR(FIND("H-I",B52),-1)>0,"J_H1",IFERROR(FIND("N-II",B52),-1)>0,"J_N2",IFERROR(FIND("N-I",B52),-1)>0,"J_N1",IFERROR(FIND("イプシロン",B52),-1)>0,"J_E",TRUE,"")} | G52: =IF(E52<>"",E52&"_"&F52,"") | H52: 20240224 | I52: 修正 | J52: ニュージーランドを数えない場合もある
A53: 02/02 07:02:00 | B53: 【今日の人工衛星】2/2 2025年：「みちびき6号機」（準天頂衛星）(QZS-6) H3ロケット5号機で打ち上げ。準天頂衛星システムの強化のため追加される3機の衛星の1つで、みちびき3号とおなじ静止軌道に投入される。 | C53: =LEN(B53) -> 109 | D53: n020202d | E53: J_H3 | F53: 5 | G53: =IF(E53<>"",E53&"_"&F53,"") -> J_H3_5 | H53: 20250202 | I53: 追加
A54: 02/02 17:30:00 | B54: ★2025年の今日2/2 17:30:00、H3ロケット5号機で、「みちびき6号機」（準天頂衛星）(QZS-6)が打ち上げられました。準天頂衛星システムの強化のため追加される3機の衛星の1つで、みちびき3号とおなじ静止軌道に投入されます。 | C54: =LEN(B54) -> 119 | D54: n020202t1 | E54: J_H3 | F54: 5 | G54: =IF(E54<>"",E54&"_"&F54,"") -> J_H3_5 | H54: 20250202 | I54: 追加
A55: 02/03 07:00:00 | B55: 【今日の人工衛星】2/3 1966年：ESSA 1 米国環境科学局が管理する気象衛星1号機 | C55: =LEN(B55) -> 45 | D55: n020301d | E55: {=_xlfn.IFS(IFERROR(FIND("M-3SII",B55),-1)>0,"J_M3S2",IFERROR(FIND("M-V",B55),-1)>0,"J_M5",IFERROR(FIND("M-4S",B55),-1)>0,"J_M4S",IFERROR(FIND("M-3C",B55),-1)>0,"J_M3C",IFERROR(FIND("M-3S",B55),-1)>0,"J_M3S",IFERROR(FIND("M-3H",B55),-1)>0,"J_M3H",IFERROR(FIND("H-IIA",B55),-1)>0,"J_H2A",IFERROR(FIND("H-IIB",B55),-1)>0,"J_H2B",IFERROR(FIND("H-II",B55),-1)>0,"J_H2",IFERROR(FIND("H-I",B55),-1)>0,"J_H1",IFERROR(FIND("N-II",B55),-1)>0,"J_N2",IFERROR(FIND("N-I",B55),-1)>0,"J_N1",IFERROR(FIND("イプシロン",B55),-1)>0,"J_E",TRUE,"")} | G55: =IF(E55<>"",E55&"_"&F55,"")
A56: 02/03 07:01:00 | B56: 【今日の人工衛星】2/3(UTC) 1994年：VEP[みょうじょう]H-IIロケット性能確認用ペイロード、OREX[りゅうせい]大気圏再突入実験衛星、H-II 1号機で打ち上げ | C56: =LEN(B56) -> 89 | D56: n020302d | E56: {=_xlfn.IFS(IFERROR(FIND("M-3SII",B56),-1)>0,"J_M3S2",IFERROR(FIND("M-V",B56),-1)>0,"J_M5",IFERROR(FIND("M-4S",B56),-1)>0,"J_M4S",IFERROR(FIND("M-3C",B56),-1)>0,"J_M3C",IFERROR(FIND("M-3S",B56),-1)>0,"J_M3S",IFERROR(FIND("M-3H",B56),-1)>0,"J_M3H",IFERROR(FIND("H-IIA",B56),-1)>0,"J_H2A",IFERROR(FIND("H-IIB",B56),-1)>0,"J_H2B",IFERROR(FIND("H-II",B56),-1)>0,"J_H2",IFERROR(FIND("H-I",B56),-1)>0,"J_H1",IFERROR(FIND("N-II",B56),-1)>0,"J_N2",IFERROR(FIND("N-I",B56),-1)>0,"J_N1",IFERROR(FIND("イプシロン",B56),-1)>0,"J_E",TRUE,"")} -> J_H2 | F56: 1 | G56: =IF(E56<>"",E56&"_"&F56,"") -> J_H2_1
A57: 02/03 07:02:00 | B57: 【今日の人工衛星】2/3 2018年：TRICOM-1R （たすき） SS-520 5号機により打ち上げ。SS-520は観測ロケットであったが、超小型衛星打ち上げ機への転用能力実証のため打ち上げられ、ギネス記録「実際に人工衛星を打ち上げた史上最小のロケット」に認定された https://www.jaxa.jp/press/2018/04/20180427_guinness_j.html | C57: =LEN(B57) -> 202 | D57: n020303d | E57: J_SS520 | F57: 5 | G57: =IF(E57<>"",E57&"_"&F57,"") -> J_SS520_5 | H57: 20240318 | I57: 追加
A58: 02/03 14:03:00 | B58: ★2018年の今日2/3 14:03:00、SS-520ロケット5号機によりTRICOM-1R（たすき）が打ち上げられました。この打ち上げは、のちにギネス記録「実際に人工衛星を打ち上げた史上最小のロケット」に認定されました。 https://www.jaxa.jp/press/2018/04/20180427_guinness_j.html | C58: =LEN(B58) -> 172 | D58: n020303t1 | E58: J_SS520 | F58: 5 | G58: =IF(E58<>"",E58&"_"&F58,"") -> J_SS520_5 | H58: 20240318 | I58: 追加 | J58: 時刻はこちら https://www.jaxa.jp/press/2018/02/20180203_ss-520-5_j.html
A59: 02/04 07:00:00 | B59: 【今日の人工衛星】2/4 2002年：DASH[高速再突入実験機]・つばさ[民生部品・コンポーネント実証衛星] H-IIA 2号機、 1978年：EXOS-A[きょっこう]オーロラ観測、M-3H 2号機 1983年：さくら2A 静止通信衛星、N-II 3号機 | C59: =LEN(B59) -> 129 | D59: n020401d | E59: {=_xlfn.IFS(IFERROR(FIND("M-3SII",B59),-1)>0,"J_M3S2",IFERROR(FIND("M-V",B59),-1)>0,"J_M5",IFERROR(FIND("M-4S",B59),-1)>0,"J_M4S",IFERROR(FIND("M-3C",B59),-1)>0,"J_M3C",IFERROR(FIND("M-3S",B59),-1)>0,"J_M3S",IFERROR(FIND("M-3H",B59),-1)>0,"J_M3H",IFERROR(FIND("H-IIA",B59),-1)>0,"J_H2A",IFERROR(FIND("H-IIB",B59),-1)>0,"J_H2B",IFERROR(FIND("H-II",B59),-1)>0,"J_H2",IFERROR(FIND("H-I",B59),-1)>0,"J_H1",IFERROR(FIND("N-II",B59),-1)>0,"J_N2",IFERROR(FIND("N-I",B59),-1)>0,"J_N1",IFERROR(FIND("イプシロン",B59),-1)>0,"J_E",TRUE,"")} -> J_M3H | F59: 2 | G59: =IF(E59<>"",E59&"_"&F59,"") -> J_M3H_2
A60: 02/04 07:20:00 | B60: ★1994年の今日2/4 7:20、H-IIロケット1号機が打ち上げられました。日本のロケットとして主要技術を全て国内で開発した初めてのロケットでした。 | C60: =LEN(B60) -> 76 | D60: n020401t1 | E60: {=_xlfn.IFS(IFERROR(FIND("M-3SII",B60),-1)>0,"J_M3S2",IFERROR(FIND("M-V",B60),-1)>0,"J_M5",IFERROR(FIND("M-4S",B60),-1)>0,"J_M4S",IFERROR(FIND("M-3C",B60),-1)>0,"J_M3C",IFERROR(FIND("M-3S",B60),-1)>0,"J_M3S",IFERROR(FIND("M-3H",B60),-1)>0,"J_M3H",IFERROR(FIND("H-IIA",B60),-1)>0,"J_H2A",IFERROR(FIND("H-IIB",B60),-1)>0,"J_H2B",IFERROR(FIND("H-II",B60),-1)>0,"J_H2",IFERROR(FIND("H-I",B60),-1)>0,"J_H1",IFERROR(FIND("N-II",B60),-1)>0,"J_N2",IFERROR(FIND("N-I",B60),-1)>0,"J_N1",IFERROR(FIND("イプシロン",B60),-1)>0,"J_E",TRUE,"")} -> J_H2 | F60: 1 | G60: =IF(E60<>"",E60&"_"&F60,"") -> J_H2_1
A61: 02/04 11:45:00 | B61: ★2002年の今日2/4 11:45、H-IIAロケット2号機でDASH[高速再突入実験機]・つばさ[民生部品・コンポーネント実証衛星]が打ち上げられました。打上自体は成功しましたが、DASHはフェアリングからの分離に失敗しました。 | C61: =LEN(B61) -> 116 | D61: n020401t2 | E61: {=_xlfn.IFS(IFERROR(FIND("M-3SII",B61),-1)>0,"J_M3S2",IFERROR(FIND("M-V",B61),-1)>0,"J_M5",IFERROR(FIND("M-4S",B61),-1)>0,"J_M4S",IFERROR(FIND("M-3C",B61),-1)>0,"J_M3C",IFERROR(FIND("M-3S",B61),-1)>0,"J_M3S",IFERROR(FIND("M-3H",B61),-1)>0,"J_M3H",IFERROR(FIND("H-IIA",B61),-1)>0,"J_H2A",IFERROR(FIND("H-IIB",B61),-1)>0,"J_H2B",IFERROR(FIND("H-II",B61),-1)>0,"J_H2",IFERROR(FIND("H-I",B61),-1)>0,"J_H1",IFERROR(FIND("N-II",B61),-1)>0,"J_N2",IFERROR(FIND("N-I",B61),-1)>0,"J_N1",IFERROR(FIND("イプシロン",B61),-1)>0,"J_E",TRUE,"")} -> J_H2A | F61: 2 | G61: =IF(E61<>"",E61&"_"&F61,"") -> J_H2A_2
A62: 02/04 16:00:00 | B62: ★1978年の今日2/4 16:00、M-3Hロケット2号機でオーロラ観測衛星EXOS-A[きょっこう]が打ち上げられました。 | C62: =LEN(B62) -> 63 | D62: n020401t3 | E62: {=_xlfn.IFS(IFERROR(FIND("M-3SII",B62),-1)>0,"J_M3S2",IFERROR(FIND("M-V",B62),-1)>0,"J_M5",IFERROR(FIND("M-4S",B62),-1)>0,"J_M4S",IFERROR(FIND("M-3C",B62),-1)>0,"J_M3C",IFERROR(FIND("M-3S",B62),-1)>0,"J_M3S",IFERROR(FIND("M-3H",B62),-1)>0,"J_M3H",IFERROR(FIND("H-IIA",B62),-1)>0,"J_H2A",IFERROR(FIND("H-IIB",B62),-1)>0,"J_H2B",IFERROR(FIND("H-II",B62),-1)>0,"J_H2",IFERROR(FIND("H-I",B62),-1)>0,"J_H1",IFERROR(FIND("N-II",B62),-1)>0,"J_N2",IFERROR(FIND("N-I",B62),-1)>0,"J_N1",IFERROR(FIND("イプシロン",B62),-1)>0,"J_E",TRUE,"")} -> J_M3H | F62: 2 | G62: =IF(E62<>"",E62&"_"&F62,"") -> J_M3H_2
A63: 02/05 07:00:00 | B63: 【今日の人工衛星】2/5 1987年：ASTRO-C[ぎんが]X線天文衛星、M-3SII 3号機で打ち上げ。超新星1987Aの観測に成功。1991年11月1日に大気圏に突入し消滅。 | C63: =LEN(B63) -> 90 | D63: n020501d | E63: {=_xlfn.IFS(IFERROR(FIND("M-3SII",B63),-1)>0,"J_M3S2",IFERROR(FIND("M-V",B63),-1)>0,"J_M5",IFERROR(FIND("M-4S",B63),-1)>0,"J_M4S",IFERROR(FIND("M-3C",B63),-1)>0,"J_M3C",IFERROR(FIND("M-3S",B63),-1)>0,"J_M3S",IFERROR(FIND("M-3H",B63),-1)>0,"J_M3H",IFERROR(FIND("H-IIA",B63),-1)>0,"J_H2A",IFERROR(FIND("H-IIB",B63),-1)>0,"J_H2B",IFERROR(FIND("H-II",B63),-1)>0,"J_H2",IFERROR(FIND("H-I",B63),-1)>0,"J_H1",IFERROR(FIND("N-II",B63),-1)>0,"J_N2",IFERROR(FIND("N-I",B63),-1)>0,"J_N1",IFERROR(FIND("イプシロン",B63),-1)>0,"J_E",TRUE,"")} -> J_M3S2 | F63: 3 | G63: =IF(E63<>"",E63&"_"&F63,"") -> J_M3S2_3
A64: 02/05 15:30:00 | B64: ★1987年の今日2/5 15:30、M-3SIIロケット3号機でX線天文衛星ASTRO-C[ぎんが]が打ち上げられました。 | C64: =LEN(B64) -> 62 | D64: n020501t1 | E64: {=_xlfn.IFS(IFERROR(FIND("M-3SII",B64),-1)>0,"J_M3S2",IFERROR(FIND("M-V",B64),-1)>0,"J_M5",IFERROR(FIND("M-4S",B64),-1)>0,"J_M4S",IFERROR(FIND("M-3C",B64),-1)>0,"J_M3C",IFERROR(FIND("M-3S",B64),-1)>0,"J_M3S",IFERROR(FIND("M-3H",B64),-1)>0,"J_M3H",IFERROR(FIND("H-IIA",B64),-1)>0,"J_H2A",IFERROR(FIND("H-IIB",B64),-1)>0,"J_H2B",IFERROR(FIND("H-II",B64),-1)>0,"J_H2",IFERROR(FIND("H-I",B64),-1)>0,"J_H1",IFERROR(FIND("N-II",B64),-1)>0,"J_N2",IFERROR(FIND("N-I",B64),-1)>0,"J_N1",IFERROR(FIND("イプシロン",B64),-1)>0,"J_E",TRUE,"")} -> J_M3S2 | F64: 3 | G64: =IF(E64<>"",E64&"_"&F64,"") -> J_M3S2_3
A65: 02/06 07:00:00 | B65: 【今日の人工衛星】2/6 1979年：あやめ1号 N-I 5号機で打ち上げ、静止衛星軌道への投入失敗。日本のかつての苦労が偲ばれます。 | C65: =LEN(B65) -> 67 | D65: n020601d | E65: {=_xlfn.IFS(IFERROR(FIND("M-3SII",B65),-1)>0,"J_M3S2",IFERROR(FIND("M-V",B65),-1)>0,"J_M5",IFERROR(FIND("M-4S",B65),-1)>0,"J_M4S",IFERROR(FIND("M-3C",B65),-1)>0,"J_M3C",IFERROR(FIND("M-3S",B65),-1)>0,"J_M3S",IFERROR(FIND("M-3H",B65),-1)>0,"J_M3H",IFERROR(FIND("H-IIA",B65),-1)>0,"J_H2A",IFERROR(FIND("H-IIB",B65),-1)>0,"J_H2B",IFERROR(FIND("H-II",B65),-1)>0,"J_H2",IFERROR(FIND("H-I",B65),-1)>0,"J_H1",IFERROR(FIND("N-II",B65),-1)>0,"J_N2",IFERROR(FIND("N-I",B65),-1)>0,"J_N1",IFERROR(FIND("イプシロン",B65),-1)>0,"J_E",TRUE,"")} -> J_N1 | F65: 5 | G65: =IF(E65<>"",E65&"_"&F65,"") -> J_N1_5
A66: 02/06 17:46:00 | B66: ★1979年の今日2/6 17:46、N-Iロケット5号機であやめ1号が打ち上げられました。静止トランスファ軌道への投入は成功したものの、アポジモーター噴射中に通信が途絶、静止軌道への投入は失敗しました。 | C66: =LEN(B66) -> 102 | D66: n020601t1 | E66: {=_xlfn.IFS(IFERROR(FIND("M-3SII",B66),-1)>0,"J_M3S2",IFERROR(FIND("M-V",B66),-1)>0,"J_M5",IFERROR(FIND("M-4S",B66),-1)>0,"J_M4S",IFERROR(FIND("M-3C",B66),-1)>0,"J_M3C",IFERROR(FIND("M-3S",B66),-1)>0,"J_M3S",IFERROR(FIND("M-3H",B66),-1)>0,"J_M3H",IFERROR(FIND("H-IIA",B66),-1)>0,"J_H2A",IFERROR(FIND("H-IIB",B66),-1)>0,"J_H2B",IFERROR(FIND("H-II",B66),-1)>0,"J_H2",IFERROR(FIND("H-I",B66),-1)>0,"J_H1",IFERROR(FIND("N-II",B66),-1)>0,"J_N2",IFERROR(FIND("N-I",B66),-1)>0,"J_N1",IFERROR(FIND("イプシロン",B66),-1)>0,"J_E",TRUE,"")} -> J_N1 | F66: 5 | G66: =IF(E66<>"",E66&"_"&F66,"") -> J_N1_5
A67: 02/07 07:00:00 | B67: 【今日の人工衛星】2/7 1999年：スターダスト 彗星の塵を初めて回収。2004年にヴィルト第2彗星の塵を採取、2006年にカプセルは帰還。2011年2月14日にテンペル第1彗星をフライバイ、ディープインパクトが作ったクレーターを観測した。同年3月24日に運用終了。 | C67: =LEN(B67) -> 134 | D67: n020701d | E67: {=_xlfn.IFS(IFERROR(FIND("M-3SII",B67),-1)>0,"J_M3S2",IFERROR(FIND("M-V",B67),-1)>0,"J_M5",IFERROR(FIND("M-4S",B67),-1)>0,"J_M4S",IFERROR(FIND("M-3C",B67),-1)>0,"J_M3C",IFERROR(FIND("M-3S",B67),-1)>0,"J_M3S",IFERROR(FIND("M-3H",B67),-1)>0,"J_M3H",IFERROR(FIND("H-IIA",B67),-1)>0,"J_H2A",IFERROR(FIND("H-IIB",B67),-1)>0,"J_H2B",IFERROR(FIND("H-II",B67),-1)>0,"J_H2",IFERROR(FIND("H-I",B67),-1)>0,"J_H1",IFERROR(FIND("N-II",B67),-1)>0,"J_N2",IFERROR(FIND("N-I",B67),-1)>0,"J_N1",IFERROR(FIND("イプシロン",B67),-1)>0,"J_E",TRUE,"")} | G67: =IF(E67<>"",E67&"_"&F67,"")
A68: 02/07 07:01:00 | B68: 【今日の人工衛星】2/7 1990年もも1号b 日本の海洋観測衛星。伸展展開機能実験ペイロード「おりづる」、アマチュア無線衛星「ふじ2号」と同時に打上。 | C68: =LEN(B68) -> 76 | D68: n020702d | E68: J_H1 | F68: 6 | G68: =IF(E68<>"",E68&"_"&F68,"") -> J_H1_6
A69: 02/07 10:33:00 | B69: ★1990年の今日2/7 10:33、H-Iロケット6号機でもも1号bが、伸展展開機能実験ペイロード「おりづる」、アマチュア無線衛星「ふじ2号」と同時に打ち上げられました。 | C69: =LEN(B69) -> 86 | D69: n020702t1 | E69: {=_xlfn.IFS(IFERROR(FIND("M-3SII",B69),-1)>0,"J_M3S2",IFERROR(FIND("M-V",B69),-1)>0,"J_M5",IFERROR(FIND("M-4S",B69),-1)>0,"J_M4S",IFERROR(FIND("M-3C",B69),-1)>0,"J_M3C",IFERROR(FIND("M-3S",B69),-1)>0,"J_M3S",IFERROR(FIND("M-3H",B69),-1)>0,"J_M3H",IFERROR(FIND("H-IIA",B69),-1)>0,"J_H2A",IFERROR(FIND("H-IIB",B69),-1)>0,"J_H2B",IFERROR(FIND("H-II",B69),-1)>0,"J_H2",IFERROR(FIND("H-I",B69),-1)>0,"J_H1",IFERROR(FIND("N-II",B69),-1)>0,"J_N2",IFERROR(FIND("N-I",B69),-1)>0,"J_N1",IFERROR(FIND("イプシロン",B69),-1)>0,"J_E",TRUE,"")} -> J_H1 | F69: 6 | G69: =IF(E69<>"",E69&"_"&F69,"") -> J_H1_6
A70: 02/08 07:00:00 | B70: 【今日の人工衛星】2/8 1985年：Arabsat1,Brazilsat1 アラブ同盟とブラジルの通信放送衛星、アリアン3で同時打ち上げ。 | C70: =LEN(B70) -> 70 | D70: n020801d | E70: {=_xlfn.IFS(IFERROR(FIND("M-3SII",B70),-1)>0,"J_M3S2",IFERROR(FIND("M-V",B70),-1)>0,"J_M5",IFERROR(FIND("M-4S",B70),-1)>0,"J_M4S",IFERROR(FIND("M-3C",B70),-1)>0,"J_M3C",IFERROR(FIND("M-3S",B70),-1)>0,"J_M3S",IFERROR(FIND("M-3H",B70),-1)>0,"J_M3H",IFERROR(FIND("H-IIA",B70),-1)>0,"J_H2A",IFERROR(FIND("H-IIB",B70),-1)>0,"J_H2B",IFERROR(FIND("H-II",B70),-1)>0,"J_H2",IFERROR(FIND("H-I",B70),-1)>0,"J_H1",IFERROR(FIND("N-II",B70),-1)>0,"J_N2",IFERROR(FIND("N-I",B70),-1)>0,"J_N1",IFERROR(FIND("イプシロン",B70),-1)>0,"J_E",TRUE,"")} | G70: =IF(E70<>"",E70&"_"&F70,"")
A71: 02/09 07:00:00 | B71: 【今日の人工衛星】2/9 1969年：TacSat1 アメリカの軍事衛星。 1983年：NOSS1-4 アメリカの偵察衛星システム。3つの衛星が組みになって無線送信を探知する。 | C71: =LEN(B71) -> 88 | D71: n020901d | E71: {=_xlfn.IFS(IFERROR(FIND("M-3SII",B71),-1)>0,"J_M3S2",IFERROR(FIND("M-V",B71),-1)>0,"J_M5",IFERROR(FIND("M-4S",B71),-1)>0,"J_M4S",IFERROR(FIND("M-3C",B71),-1)>0,"J_M3C",IFERROR(FIND("M-3S",B71),-1)>0,"J_M3S",IFERROR(FIND("M-3H",B71),-1)>0,"J_M3H",IFERROR(FIND("H-IIA",B71),-1)>0,"J_H2A",IFERROR(FIND("H-IIB",B71),-1)>0,"J_H2B",IFERROR(FIND("H-II",B71),-1)>0,"J_H2",IFERROR(FIND("H-I",B71),-1)>0,"J_H1",IFERROR(FIND("N-II",B71),-1)>0,"J_N2",IFERROR(FIND("N-I",B71),-1)>0,"J_N1",IFERROR(FIND("イプシロン",B71),-1)>0,"J_E",TRUE,"")} | G71: =IF(E71<>"",E71&"_"&F71,"")
A72: 02/10 07:00:00 | B72: 【今日の人工衛星】2/10 1998年：GFO(Geosat Follow-On) 海面と衛星の距離を3.5cmの精度で測定できる衛星。2008年10月22日に運用停止。 http://gfo.wff.nasa.gov/ | C72: =LEN(B72) -> 110 | D72: n021001d | E72: {=_xlfn.IFS(IFERROR(FIND("M-3SII",B72),-1)>0,"J_M3S2",IFERROR(FIND("M-V",B72),-1)>0,"J_M5",IFERROR(FIND("M-4S",B72),-1)>0,"J_M4S",IFERROR(FIND("M-3C",B72),-1)>0,"J_M3C",IFERROR(FIND("M-3S",B72),-1)>0,"J_M3S",IFERROR(FIND("M-3H",B72),-1)>0,"J_M3H",IFERROR(FIND("H-IIA",B72),-1)>0,"J_H2A",IFERROR(FIND("H-IIB",B72),-1)>0,"J_H2B",IFERROR(FIND("H-II",B72),-1)>0,"J_H2",IFERROR(FIND("H-I",B72),-1)>0,"J_H1",IFERROR(FIND("N-II",B72),-1)>0,"J_N2",IFERROR(FIND("N-I",B72),-1)>0,"J_N1",IFERROR(FIND("イプシロン",B72),-1)>0,"J_E",TRUE,"")} | G72: =IF(E72<>"",E72&"_"&F72,"")
A73: 02/10 07:01:00 | B73: 【今日の人工衛星】2/10 2000年：ASTRO-E X線天文衛星。M-Vロケット4号機で打ち上げたが、1段目のノズル破損により速度不足となり、打上に失敗した。 | C73: =LEN(B73) -> 81 | D73: n021002d | E73: {=_xlfn.IFS(IFERROR(FIND("M-3SII",B73),-1)>0,"J_M3S2",IFERROR(FIND("M-V",B73),-1)>0,"J_M5",IFERROR(FIND("M-4S",B73),-1)>0,"J_M4S",IFERROR(FIND("M-3C",B73),-1)>0,"J_M3C",IFERROR(FIND("M-3S",B73),-1)>0,"J_M3S",IFERROR(FIND("M-3H",B73),-1)>0,"J_M3H",IFERROR(FIND("H-IIA",B73),-1)>0,"J_H2A",IFERROR(FIND("H-IIB",B73),-1)>0,"J_H2B",IFERROR(FIND("H-II",B73),-1)>0,"J_H2",IFERROR(FIND("H-I",B73),-1)>0,"J_H1",IFERROR(FIND("N-II",B73),-1)>0,"J_N2",IFERROR(FIND("N-I",B73),-1)>0,"J_N1",IFERROR(FIND("イプシロン",B73),-1)>0,"J_E",TRUE,"")} -> J_M5 | F73: 4 | G73: =IF(E73<>"",E73&"_"&F73,"") -> J_M5_4
A74: 02/10 10:30:00 | B74: ★2000年の今日2/10 10:30、M-Vロケット4号機が打ち上げられましたが、1段目のノズル破損によりX線天文衛星ASTRO-Eの打上は失敗しました。M-Vロケット唯一の打上失敗です。 | C74: =LEN(B74) -> 95 | D74: n021002t1 | E74: {=_xlfn.IFS(IFERROR(FIND("M-3SII",B74),-1)>0,"J_M3S2",IFERROR(FIND("M-V",B74),-1)>0,"J_M5",IFERROR(FIND("M-4S",B74),-1)>0,"J_M4S",IFERROR(FIND("M-3C",B74),-1)>0,"J_M3C",IFERROR(FIND("M-3S",B74),-1)>0,"J_M3S",IFERROR(FIND("M-3H",B74),-1)>0,"J_M3H",IFERROR(FIND("H-IIA",B74),-1)>0,"J_H2A",IFERROR(FIND("H-IIB",B74),-1)>0,"J_H2B",IFERROR(FIND("H-II",B74),-1)>0,"J_H2",IFERROR(FIND("H-I",B74),-1)>0,"J_H1",IFERROR(FIND("N-II",B74),-1)>0,"J_N2",IFERROR(FIND("N-I",B74),-1)>0,"J_N1",IFERROR(FIND("イプシロン",B74),-1)>0,"J_E",TRUE,"")} -> J_M5 | F74: 4 | G74: =IF(E74<>"",E74&"_"&F74,"") -> J_M5_4
A75: 02/11 07:00:00 | B75: 【今日の人工衛星】2/11 1970年：おおすみ 日本初の人工衛星。世界で4番目に自力打ち上げに成功した。 1992年：ふよう 地球資源衛星。日本初の合成開口レーダー搭載衛星。6年間活動した。 | C75: =LEN(B75) -> 96 | D75: n021101d | E75: J_L4S | F75: 5 | G75: =IF(E75<>"",E75&"_"&F75,"") -> J_L4S_5
A76: 02/11 13:25:00 | B76: ★1970年の今日2/11 13:25、日本初の人工衛星おおすみが打ち上げられました。世界で4番目。世界でも希有な「民生技術として開発された」ロケット。「無誘導重力ターン」で軌道投入という点も特徴的です。おおすみは2003年8月2日まで飛び続けました。 | C76: =LEN(B76) -> 126 | D76: n021101t1 | E76: J_L4S | F76: 5 | G76: =IF(E76<>"",E76&"_"&F76,"") -> J_L4S_5
A77: 02/11 07:01:00 | B77: 【今日の人工衛星】2/11 1981年：きく3号 N-IIロケットの静止トランスファ軌道投入性能の確認、大型衛星の開発技術の習得を目的とした。ETS-IVであるがETS-IIIと打上順序が入れ替わったため、打上順につけられた愛称は3号となっている | C77: =LEN(B77) -> 123 | D77: n021102d | E77: {=_xlfn.IFS(IFERROR(FIND("M-3SII",B77),-1)>0,"J_M3S2",IFERROR(FIND("M-V",B77),-1)>0,"J_M5",IFERROR(FIND("M-4S",B77),-1)>0,"J_M4S",IFERROR(FIND("M-3C",B77),-1)>0,"J_M3C",IFERROR(FIND("M-3S",B77),-1)>0,"J_M3S",IFERROR(FIND("M-3H",B77),-1)>0,"J_M3H",IFERROR(FIND("H-IIA",B77),-1)>0,"J_H2A",IFERROR(FIND("H-IIB",B77),-1)>0,"J_H2B",IFERROR(FIND("H-II",B77),-1)>0,"J_H2",IFERROR(FIND("H-I",B77),-1)>0,"J_H1",IFERROR(FIND("N-II",B77),-1)>0,"J_N2",IFERROR(FIND("N-I",B77),-1)>0,"J_N1",IFERROR(FIND("イプシロン",B77),-1)>0,"J_E",TRUE,"")} -> J_N2 | F77: 1 | G77: =IF(E77<>"",E77&"_"&F77,"") -> J_N2_1
A78: 02/11 10:50:00 | B78: ★1992年の今日2/11 10:50、H-Iロケット9号機で地球観測衛星ふよう1号が打ち上げられました。 | C78: =LEN(B78) -> 53 | D78: n021102t1 | E78: {=_xlfn.IFS(IFERROR(FIND("M-3SII",B78),-1)>0,"J_M3S2",IFERROR(FIND("M-V",B78),-1)>0,"J_M5",IFERROR(FIND("M-4S",B78),-1)>0,"J_M4S",IFERROR(FIND("M-3C",B78),-1)>0,"J_M3C",IFERROR(FIND("M-3S",B78),-1)>0,"J_M3S",IFERROR(FIND("M-3H",B78),-1)>0,"J_M3H",IFERROR(FIND("H-IIA",B78),-1)>0,"J_H2A",IFERROR(FIND("H-IIB",B78),-1)>0,"J_H2B",IFERROR(FIND("H-II",B78),-1)>0,"J_H2",IFERROR(FIND("H-I",B78),-1)>0,"J_H1",IFERROR(FIND("N-II",B78),-1)>0,"J_N2",IFERROR(FIND("N-I",B78),-1)>0,"J_N1",IFERROR(FIND("イプシロン",B78),-1)>0,"J_E",TRUE,"")} -> J_H1 | F78: 9 | G78: =IF(E78<>"",E78&"_"&F78,"") -> J_H1_9
A79: 02/11 17:30:00 | B79: ★1981年の今日2/11 17:30、N-IIロケット1号機できく3号が打ち上げられました。N-IIロケットの性能試験を兼ねた打上でした。 | C79: =LEN(B79) -> 70 | D79: n021102t2 | E79: {=_xlfn.IFS(IFERROR(FIND("M-3SII",B79),-1)>0,"J_M3S2",IFERROR(FIND("M-V",B79),-1)>0,"J_M5",IFERROR(FIND("M-4S",B79),-1)>0,"J_M4S",IFERROR(FIND("M-3C",B79),-1)>0,"J_M3C",IFERROR(FIND("M-3S",B79),-1)>0,"J_M3S",IFERROR(FIND("M-3H",B79),-1)>0,"J_M3H",IFERROR(FIND("H-IIA",B79),-1)>0,"J_H2A",IFERROR(FIND("H-IIB",B79),-1)>0,"J_H2B",IFERROR(FIND("H-II",B79),-1)>0,"J_H2",IFERROR(FIND("H-I",B79),-1)>0,"J_H1",IFERROR(FIND("N-II",B79),-1)>0,"J_N2",IFERROR(FIND("N-I",B79),-1)>0,"J_N1",IFERROR(FIND("イプシロン",B79),-1)>0,"J_E",TRUE,"")} -> J_N2 | F79: 1 | G79: =IF(E79<>"",E79&"_"&F79,"") -> J_N2_1
A80: 02/12 07:00:00 | B80: 【今日の人工衛星】2/12 2000年：Garuda1 インドネシアの静止衛星、ACesという衛星通信・電話サービスを提供。 1986年：BS-2B[ゆり2号b] ゆり2号aのバックアップだか、2号a・ゆり3号aの不具合があり、それぞれをサポートした。 | C80: =LEN(B80) -> 126 | D80: n021201d | E80: {=_xlfn.IFS(IFERROR(FIND("M-3SII",B80),-1)>0,"J_M3S2",IFERROR(FIND("M-V",B80),-1)>0,"J_M5",IFERROR(FIND("M-4S",B80),-1)>0,"J_M4S",IFERROR(FIND("M-3C",B80),-1)>0,"J_M3C",IFERROR(FIND("M-3S",B80),-1)>0,"J_M3S",IFERROR(FIND("M-3H",B80),-1)>0,"J_M3H",IFERROR(FIND("H-IIA",B80),-1)>0,"J_H2A",IFERROR(FIND("H-IIB",B80),-1)>0,"J_H2B",IFERROR(FIND("H-II",B80),-1)>0,"J_H2",IFERROR(FIND("H-I",B80),-1)>0,"J_H1",IFERROR(FIND("N-II",B80),-1)>0,"J_N2",IFERROR(FIND("N-I",B80),-1)>0,"J_N1",IFERROR(FIND("イプシロン",B80),-1)>0,"J_E",TRUE,"")} | G80: =IF(E80<>"",E80&"_"&F80,"")
A81: 02/12 07:01:00 | B81: 【今日の人工衛星】2/12 1997年：はるか(MUSES-B) 電波天文衛星。M-Vロケット初号機で打上。地上の電波望遠鏡と連携して巨大な電波望遠鏡と同等の性能を出すVLBIの宇宙側の望遠鏡として打上られ、スペースVLBIを実現した。 | C81: =LEN(B81) -> 118 | D81: n021202d | E81: {=_xlfn.IFS(IFERROR(FIND("M-3SII",B81),-1)>0,"J_M3S2",IFERROR(FIND("M-V",B81),-1)>0,"J_M5",IFERROR(FIND("M-4S",B81),-1)>0,"J_M4S",IFERROR(FIND("M-3C",B81),-1)>0,"J_M3C",IFERROR(FIND("M-3S",B81),-1)>0,"J_M3S",IFERROR(FIND("M-3H",B81),-1)>0,"J_M3H",IFERROR(FIND("H-IIA",B81),-1)>0,"J_H2A",IFERROR(FIND("H-IIB",B81),-1)>0,"J_H2B",IFERROR(FIND("H-II",B81),-1)>0,"J_H2",IFERROR(FIND("H-I",B81),-1)>0,"J_H1",IFERROR(FIND("N-II",B81),-1)>0,"J_N2",IFERROR(FIND("N-I",B81),-1)>0,"J_N1",IFERROR(FIND("イプシロン",B81),-1)>0,"J_E",TRUE,"")} -> J_M5 | F81: 1 | G81: =IF(E81<>"",E81&"_"&F81,"") -> J_M5_1
A82: 02/12 13:50:00 | B82: ★1997年の今日2/12 13:50、M-Vロケット1号機で工学試験衛星はるか(MUSES-B)が打ち上げられました。 | C82: =LEN(B82) -> 60 | D82: n021202t1 | E82: {=_xlfn.IFS(IFERROR(FIND("M-3SII",B82),-1)>0,"J_M3S2",IFERROR(FIND("M-V",B82),-1)>0,"J_M5",IFERROR(FIND("M-4S",B82),-1)>0,"J_M4S",IFERROR(FIND("M-3C",B82),-1)>0,"J_M3C",IFERROR(FIND("M-3S",B82),-1)>0,"J_M3S",IFERROR(FIND("M-3H",B82),-1)>0,"J_M3H",IFERROR(FIND("H-IIA",B82),-1)>0,"J_H2A",IFERROR(FIND("H-IIB",B82),-1)>0,"J_H2B",IFERROR(FIND("H-II",B82),-1)>0,"J_H2",IFERROR(FIND("H-I",B82),-1)>0,"J_H1",IFERROR(FIND("N-II",B82),-1)>0,"J_N2",IFERROR(FIND("N-I",B82),-1)>0,"J_N1",IFERROR(FIND("イプシロン",B82),-1)>0,"J_E",TRUE,"")} -> J_M5 | F82: 1 | G82: =IF(E82<>"",E82&"_"&F82,"") -> J_M5_1
A83: 02/13 07:00:00 | B83: 【今日の人工衛星】2/13 1981年：コスモス1245号 旧ソ連の偵察衛星ゼニット6。低高度からの高解像度ミッションと、高高度からの広範囲観測ミッションの双方に使用。なぜ軍事衛星かというと、これしか衛星がないのよね… | C83: =LEN(B83) -> 109 | D83: n021301d | E83: {=_xlfn.IFS(IFERROR(FIND("M-3SII",B83),-1)>0,"J_M3S2",IFERROR(FIND("M-V",B83),-1)>0,"J_M5",IFERROR(FIND("M-4S",B83),-1)>0,"J_M4S",IFERROR(FIND("M-3C",B83),-1)>0,"J_M3C",IFERROR(FIND("M-3S",B83),-1)>0,"J_M3S",IFERROR(FIND("M-3H",B83),-1)>0,"J_M3H",IFERROR(FIND("H-IIA",B83),-1)>0,"J_H2A",IFERROR(FIND("H-IIB",B83),-1)>0,"J_H2B",IFERROR(FIND("H-II",B83),-1)>0,"J_H2",IFERROR(FIND("H-I",B83),-1)>0,"J_H1",IFERROR(FIND("N-II",B83),-1)>0,"J_N2",IFERROR(FIND("N-I",B83),-1)>0,"J_N1",IFERROR(FIND("イプシロン",B83),-1)>0,"J_E",TRUE,"")} | G83: =IF(E83<>"",E83&"_"&F83,"")
A84: 02/14 07:00:00 | B84: 【今日の人工衛星】2/14 1984年：おおぞら 中層大気観測衛星。打ち上げ時にロケットと衝突したものの、当初計画した科学的成果を上げた。1980年：SMM 太陽観測を行ったNASAの衛星。1984年にはチャレンジャー号により修理を受ける。 | C84: =LEN(B84) -> 120 | D84: n021401d | E84: {=_xlfn.IFS(IFERROR(FIND("M-3SII",B84),-1)>0,"J_M3S2",IFERROR(FIND("M-V",B84),-1)>0,"J_M5",IFERROR(FIND("M-4S",B84),-1)>0,"J_M4S",IFERROR(FIND("M-3C",B84),-1)>0,"J_M3C",IFERROR(FIND("M-3S",B84),-1)>0,"J_M3S",IFERROR(FIND("M-3H",B84),-1)>0,"J_M3H",IFERROR(FIND("H-IIA",B84),-1)>0,"J_H2A",IFERROR(FIND("H-IIB",B84),-1)>0,"J_H2B",IFERROR(FIND("H-II",B84),-1)>0,"J_H2",IFERROR(FIND("H-I",B84),-1)>0,"J_H1",IFERROR(FIND("N-II",B84),-1)>0,"J_N2",IFERROR(FIND("N-I",B84),-1)>0,"J_N1",IFERROR(FIND("イプシロン",B84),-1)>0,"J_E",TRUE,"")} | G84: =IF(E84<>"",E84&"_"&F84,"")
A85: 02/15 07:00:00 | B85: 【今日の人工衛星】2/15 1967年：Diademe 2 フランスの測地衛星。予定より低い高度に投入された。打ち上げはディアマンAロケットで、アルジェリアにあったアマギール射場からの最後の衛星。 | C85: =LEN(B85) -> 98 | D85: n021501d | E85: {=_xlfn.IFS(IFERROR(FIND("M-3SII",B85),-1)>0,"J_M3S2",IFERROR(FIND("M-V",B85),-1)>0,"J_M5",IFERROR(FIND("M-4S",B85),-1)>0,"J_M4S",IFERROR(FIND("M-3C",B85),-1)>0,"J_M3C",IFERROR(FIND("M-3S",B85),-1)>0,"J_M3S",IFERROR(FIND("M-3H",B85),-1)>0,"J_M3H",IFERROR(FIND("H-IIA",B85),-1)>0,"J_H2A",IFERROR(FIND("H-IIB",B85),-1)>0,"J_H2B",IFERROR(FIND("H-II",B85),-1)>0,"J_H2",IFERROR(FIND("H-I",B85),-1)>0,"J_H1",IFERROR(FIND("N-II",B85),-1)>0,"J_N2",IFERROR(FIND("N-I",B85),-1)>0,"J_N1",IFERROR(FIND("イプシロン",B85),-1)>0,"J_E",TRUE,"")} | G85: =IF(E85<>"",E85&"_"&F85,"")
A86: 02/16 07:00:00 | B86: 【今日の人工衛星】2/16 1971年：たんせい1号 Muロケット初の衛星、ロケットの性能確認が主目的。名前の由来は東大のスクールカラーの「淡青」。 1974年：たんせい2号 衛星制御システムの試験を目的とした衛星 | C86: =LEN(B86) -> 107 | D86: n021601d | E86: J_M4S | F86: 2 | G86: =IF(E86<>"",E86&"_"&F86,"") -> J_M4S_2
A87: 02/16 13:00:00 | B87: ★1971年の今日2/16 13:00、M-4Sロケット2号機でたんせい1号が打ち上げられました。 | C87: =LEN(B87) -> 49 | D87: n021601t1 | E87: {=_xlfn.IFS(IFERROR(FIND("M-3SII",B87),-1)>0,"J_M3S2",IFERROR(FIND("M-V",B87),-1)>0,"J_M5",IFERROR(FIND("M-4S",B87),-1)>0,"J_M4S",IFERROR(FIND("M-3C",B87),-1)>0,"J_M3C",IFERROR(FIND("M-3S",B87),-1)>0,"J_M3S",IFERROR(FIND("M-3H",B87),-1)>0,"J_M3H",IFERROR(FIND("H-IIA",B87),-1)>0,"J_H2A",IFERROR(FIND("H-IIB",B87),-1)>0,"J_H2B",IFERROR(FIND("H-II",B87),-1)>0,"J_H2",IFERROR(FIND("H-I",B87),-1)>0,"J_H1",IFERROR(FIND("N-II",B87),-1)>0,"J_N2",IFERROR(FIND("N-I",B87),-1)>0,"J_N1",IFERROR(FIND("イプシロン",B87),-1)>0,"J_E",TRUE,"")} -> J_M4S | F87: 2 | G87: =IF(E87<>"",E87&"_"&F87,"") -> J_M4S_2
A88: 02/16 14:00:00 | B88: ★1974年の今日2/16 14:00、M-3Cロケット1号機でたんせい2号が打ち上げられました。 | C88: =LEN(B88) -> 49 | D88: n021601t2 | E88: {=_xlfn.IFS(IFERROR(FIND("M-3SII",B88),-1)>0,"J_M3S2",IFERROR(FIND("M-V",B88),-1)>0,"J_M5",IFERROR(FIND("M-4S",B88),-1)>0,"J_M4S",IFERROR(FIND("M-3C",B88),-1)>0,"J_M3C",IFERROR(FIND("M-3S",B88),-1)>0,"J_M3S",IFERROR(FIND("M-3H",B88),-1)>0,"J_M3H",IFERROR(FIND("H-IIA",B88),-1)>0,"J_H2A",IFERROR(FIND("H-IIB",B88),-1)>0,"J_H2B",IFERROR(FIND("H-II",B88),-1)>0,"J_H2",IFERROR(FIND("H-I",B88),-1)>0,"J_H1",IFERROR(FIND("N-II",B88),-1)>0,"J_N2",IFERROR(FIND("N-I",B88),-1)>0,"J_N1",IFERROR(FIND("イプシロン",B88),-1)>0,"J_E",TRUE,"")} -> J_M3C | F88: 1 | G88: =IF(E88<>"",E88&"_"&F88,"") -> J_M3C_1
A89: 02/16 07:01:00 | B89: 【今日の人工衛星】2/16 1961年：Explorer 9 大気密度測定を目的とした衛星。純粋な固定燃料ロケットで初めて打ち上げられた衛星。1978年：うめ2号 1976年打ち上げの1号が1ヶ月で機能しなくなったために打ち上げられた。 | C89: =LEN(B89) -> 118 | D89: n021602d | E89: {=_xlfn.IFS(IFERROR(FIND("M-3SII",B89),-1)>0,"J_M3S2",IFERROR(FIND("M-V",B89),-1)>0,"J_M5",IFERROR(FIND("M-4S",B89),-1)>0,"J_M4S",IFERROR(FIND("M-3C",B89),-1)>0,"J_M3C",IFERROR(FIND("M-3S",B89),-1)>0,"J_M3S",IFERROR(FIND("M-3H",B89),-1)>0,"J_M3H",IFERROR(FIND("H-IIA",B89),-1)>0,"J_H2A",IFERROR(FIND("H-IIB",B89),-1)>0,"J_H2B",IFERROR(FIND("H-II",B89),-1)>0,"J_H2",IFERROR(FIND("H-I",B89),-1)>0,"J_H1",IFERROR(FIND("N-II",B89),-1)>0,"J_N2",IFERROR(FIND("N-I",B89),-1)>0,"J_N1",IFERROR(FIND("イプシロン",B89),-1)>0,"J_E",TRUE,"")} | G89: =IF(E89<>"",E89&"_"&F89,"")
A90: 02/16 07:02:00 | B90: 【今日の人工衛星】2/16 1999年：JCSAT-6 JSAT（現・スカパーJSAT）が保有する通信衛星。東経124度の位置で運用されていたが2013年に東経82度へ移動、4Aから改名。2013年に運用終了。 | C90: =LEN(B90) -> 105 | D90: n021603d | E90: {=_xlfn.IFS(IFERROR(FIND("M-3SII",B90),-1)>0,"J_M3S2",IFERROR(FIND("M-V",B90),-1)>0,"J_M5",IFERROR(FIND("M-4S",B90),-1)>0,"J_M4S",IFERROR(FIND("M-3C",B90),-1)>0,"J_M3C",IFERROR(FIND("M-3S",B90),-1)>0,"J_M3S",IFERROR(FIND("M-3H",B90),-1)>0,"J_M3H",IFERROR(FIND("H-IIA",B90),-1)>0,"J_H2A",IFERROR(FIND("H-IIB",B90),-1)>0,"J_H2B",IFERROR(FIND("H-II",B90),-1)>0,"J_H2",IFERROR(FIND("H-I",B90),-1)>0,"J_H1",IFERROR(FIND("N-II",B90),-1)>0,"J_N2",IFERROR(FIND("N-I",B90),-1)>0,"J_N1",IFERROR(FIND("イプシロン",B90),-1)>0,"J_E",TRUE,"")} | G90: =IF(E90<>"",E90&"_"&F90,"") | H90: 20170515 | I90: 修正
A91: 02/17 07:00:00 | B91: 【今日の人工衛星】2/17 1996年：NEARシューメーカー 初めて小惑星とランデブーした衛星。小惑星エロスを探査。 2007年：THEMIS NASAのオーロラ嵐の引き金となる現象を調べる衛星。5機同時に打ち上げ観測。 | C91: =LEN(B91) -> 111 | D91: n021701d | E91: {=_xlfn.IFS(IFERROR(FIND("M-3SII",B91),-1)>0,"J_M3S2",IFERROR(FIND("M-V",B91),-1)>0,"J_M5",IFERROR(FIND("M-4S",B91),-1)>0,"J_M4S",IFERROR(FIND("M-3C",B91),-1)>0,"J_M3C",IFERROR(FIND("M-3S",B91),-1)>0,"J_M3S",IFERROR(FIND("M-3H",B91),-1)>0,"J_M3H",IFERROR(FIND("H-IIA",B91),-1)>0,"J_H2A",IFERROR(FIND("H-IIB",B91),-1)>0,"J_H2B",IFERROR(FIND("H-II",B91),-1)>0,"J_H2",IFERROR(FIND("H-I",B91),-1)>0,"J_H1",IFERROR(FIND("N-II",B91),-1)>0,"J_N2",IFERROR(FIND("N-I",B91),-1)>0,"J_N1",IFERROR(FIND("イプシロン",B91),-1)>0,"J_E",TRUE,"")} | G91: =IF(E91<>"",E91&"_"&F91,"")
A92: 02/17 07:01:00 | B92: 【今日の人工衛星】2/17 1980年：たんせい4号 M-3Sロケットの打ち上げ性能試験、及び後続の科学衛星で使われる様々な技術の試験が目的。 | C92: =LEN(B92) -> 71 | D92: n021702d | E92: {=_xlfn.IFS(IFERROR(FIND("M-3SII",B92),-1)>0,"J_M3S2",IFERROR(FIND("M-V",B92),-1)>0,"J_M5",IFERROR(FIND("M-4S",B92),-1)>0,"J_M4S",IFERROR(FIND("M-3C",B92),-1)>0,"J_M3C",IFERROR(FIND("M-3S",B92),-1)>0,"J_M3S",IFERROR(FIND("M-3H",B92),-1)>0,"J_M3H",IFERROR(FIND("H-IIA",B92),-1)>0,"J_H2A",IFERROR(FIND("H-IIB",B92),-1)>0,"J_H2B",IFERROR(FIND("H-II",B92),-1)>0,"J_H2",IFERROR(FIND("H-I",B92),-1)>0,"J_H1",IFERROR(FIND("N-II",B92),-1)>0,"J_N2",IFERROR(FIND("N-I",B92),-1)>0,"J_N1",IFERROR(FIND("イプシロン",B92),-1)>0,"J_E",TRUE,"")} -> J_M3S | F92: 1 | G92: =IF(E92<>"",E92&"_"&F92,"") -> J_M3S_1
A93: 02/17 09:40:00 | B93: ★1980年の今日2/17 9:40、M-3Sロケット1号機でたんせい4号が打ち上げられました。 | C93: =LEN(B93) -> 48 | D93: n021702t1 | E93: {=_xlfn.IFS(IFERROR(FIND("M-3SII",B93),-1)>0,"J_M3S2",IFERROR(FIND("M-V",B93),-1)>0,"J_M5",IFERROR(FIND("M-4S",B93),-1)>0,"J_M4S",IFERROR(FIND("M-3C",B93),-1)>0,"J_M3C",IFERROR(FIND("M-3S",B93),-1)>0,"J_M3S",IFERROR(FIND("M-3H",B93),-1)>0,"J_M3H",IFERROR(FIND("H-IIA",B93),-1)>0,"J_H2A",IFERROR(FIND("H-IIB",B93),-1)>0,"J_H2B",IFERROR(FIND("H-II",B93),-1)>0,"J_H2",IFERROR(FIND("H-I",B93),-1)>0,"J_H1",IFERROR(FIND("N-II",B93),-1)>0,"J_N2",IFERROR(FIND("N-I",B93),-1)>0,"J_N1",IFERROR(FIND("イプシロン",B93),-1)>0,"J_E",TRUE,"")} -> J_M3S | F93: 1 | G93: =IF(E93<>"",E93&"_"&F93,"") -> J_M3S_1
A94: 02/17 07:02:00 | B94: 【今日の人工衛星】2/17 2024年：ロケット性能確認用ペイロード（VEP-4） + CE-SAT-IE + TIRSAT H3ロケット2号機の打ち上げ性能・失敗の再発防止策の検証を目的とした打ち上げ。無事に成功し副衛星2機を軌道投入した。 | C94: =LEN(B94) -> 121 | D94: n021703d | E94: J_H3 | F94: 2 | G94: =IF(E94<>"",E94&"_"&F94,"") -> J_H3_2 | H94: 20240225 | I94: 追加
A95: 02/17 09:22:55 | B95: ★2024年の今日2/17 9:22:55、H3ロケット2号機でロケット性能確認用ペイロード（VEP-4）・CE-SAT-IE・TIRSATが打ち上げられました。 | C95: =LEN(B95) -> 81 | D95: n021703t1 | E95: J_H3 | F95: 2 | G95: =IF(E95<>"",E95&"_"&F95,"") -> J_H3_2 | H95: 20240225 | I95: 追加
A96: 02/18 07:00:00 | B96: 【今日の人工衛星】2/18 2006年：MTSAT-2[ひまわり7号] 運輸多目的衛星。気象観測ミッションは2010年より本番運用に入った。2015年7月には後継機の8号に気象観測を引き継ぎ、9号打上により待機運用も終了。航空管制運用も2020年3月に終了した。 | C96: =LEN(B96) -> 131 | D96: n021801d | E96: J_H2A | F96: 9 | G96: =IF(E96<>"",E96&"_"&F96,"") -> J_H2A_9 | H96: 20230217 | I96: 修正
A97: 02/18 15:27:00 | B97: ★2006年の今日2/18 15:27、H-IIAロケット9号機でひまわり7号が打ち上げられました。1ヶ月以内に2基の大型ロケット打上（だいち、ひまわり7号）に成功したのは日本初でした。 | C97: =LEN(B97) -> 93 | D97: n021801t1 | E97: {=_xlfn.IFS(IFERROR(FIND("M-3SII",B97),-1)>0,"J_M3S2",IFERROR(FIND("M-V",B97),-1)>0,"J_M5",IFERROR(FIND("M-4S",B97),-1)>0,"J_M4S",IFERROR(FIND("M-3C",B97),-1)>0,"J_M3C",IFERROR(FIND("M-3S",B97),-1)>0,"J_M3S",IFERROR(FIND("M-3H",B97),-1)>0,"J_M3H",IFERROR(FIND("H-IIA",B97),-1)>0,"J_H2A",IFERROR(FIND("H-IIB",B97),-1)>0,"J_H2B",IFERROR(FIND("H-II",B97),-1)>0,"J_H2",IFERROR(FIND("H-I",B97),-1)>0,"J_H1",IFERROR(FIND("N-II",B97),-1)>0,"J_N2",IFERROR(FIND("N-I",B97),-1)>0,"J_N1",IFERROR(FIND("イプシロン",B97),-1)>0,"J_E",TRUE,"")} -> J_H2A | F97: 9 | G97: =IF(E97<>"",E97&"_"&F97,"") -> J_H2A_9
A98: 02/18 07:01:00 | B98: 【今日の人工衛星】2/18 2000年：SUPERBIRD B2 スカパーJSATが保有する通信衛星。アリアン4ロケットで打上。東経162度の静止軌道から日本全国に通信サービスを提供。 | C98: =LEN(B98) -> 92 | D98: n021802d | E98: {=_xlfn.IFS(IFERROR(FIND("M-3SII",B98),-1)>0,"J_M3S2",IFERROR(FIND("M-V",B98),-1)>0,"J_M5",IFERROR(FIND("M-4S",B98),-1)>0,"J_M4S",IFERROR(FIND("M-3C",B98),-1)>0,"J_M3C",IFERROR(FIND("M-3S",B98),-1)>0,"J_M3S",IFERROR(FIND("M-3H",B98),-1)>0,"J_M3H",IFERROR(FIND("H-IIA",B98),-1)>0,"J_H2A",IFERROR(FIND("H-IIB",B98),-1)>0,"J_H2B",IFERROR(FIND("H-II",B98),-1)>0,"J_H2",IFERROR(FIND("H-I",B98),-1)>0,"J_H1",IFERROR(FIND("N-II",B98),-1)>0,"J_N2",IFERROR(FIND("N-I",B98),-1)>0,"J_N1",IFERROR(FIND("イプシロン",B98),-1)>0,"J_E",TRUE,"")} | G98: =IF(E98<>"",E98&"_"&F98,"")
A99: 02/19 07:00:00 | B99: 【今日の人工衛星】2/19 1977年：たんせい3号 M-3Hロケットの試験、姿勢制御を実験。ヒートパイプや、誤作動が発生したが、これが後の衛星に活かされている 1988年：さくら3a号 実験用通信衛星さくらの3代目 | C99: =LEN(B99) -> 108 | D99: n021901d | E99: {=_xlfn.IFS(IFERROR(FIND("M-3SII",B99),-1)>0,"J_M3S2",IFERROR(FIND("M-V",B99),-1)>0,"J_M5",IFERROR(FIND("M-4S",B99),-1)>0,"J_M4S",IFERROR(FIND("M-3C",B99),-1)>0,"J_M3C",IFERROR(FIND("M-3S",B99),-1)>0,"J_M3S",IFERROR(FIND("M-3H",B99),-1)>0,"J_M3H",IFERROR(FIND("H-IIA",B99),-1)>0,"J_H2A",IFERROR(FIND("H-IIB",B99),-1)>0,"J_H2B",IFERROR(FIND("H-II",B99),-1)>0,"J_H2",IFERROR(FIND("H-I",B99),-1)>0,"J_H1",IFERROR(FIND("N-II",B99),-1)>0,"J_N2",IFERROR(FIND("N-I",B99),-1)>0,"J_N1",IFERROR(FIND("イプシロン",B99),-1)>0,"J_E",TRUE,"")} -> J_M3H | F99: 1 | G99: =IF(E99<>"",E99&"_"&F99,"") -> J_M3H_1
A100: 02/19 14:15:00 | B100: ★1977年の今日2/19 14:15、M-3Hロケット1号機でたんせい3号が打ち上げられました。 | C100: =LEN(B100) -> 49 | D100: n021901t1 | E100: {=_xlfn.IFS(IFERROR(FIND("M-3SII",B100),-1)>0,"J_M3S2",IFERROR(FIND("M-V",B100),-1)>0,"J_M5",IFERROR(FIND("M-4S",B100),-1)>0,"J_M4S",IFERROR(FIND("M-3C",B100),-1)>0,"J_M3C",IFERROR(FIND("M-3S",B100),-1)>0,"J_M3S",IFERROR(FIND("M-3H",B100),-1)>0,"J_M3H",IFERROR(FIND("H-IIA",B100),-1)>0,"J_H2A",IFERROR(FIND("H-IIB",B100),-1)>0,"J_H2B",IFERROR(FIND("H-II",B100),-1)>0,"J_H2",IFERROR(FIND("H-I",B100),-1)>0,"J_H1",IFERROR(FIND("N-II",B100),-1)>0,"J_N2",IFERROR(FIND("N-I",B100),-1)>0,"J_N1",IFERROR(FIND("イプシロン",B100),-1)>0,"J_E",TRUE,"")} -> J_M3H | F100: 1 | G100: =IF(E100<>"",E100&"_"&F100,"") -> J_M3H_1
...

Sheet データチェック
P1: 行ラベル | Q1: 個数 / Number
P2: n010101d | Q2: 1
B3: Rocket_type | C3: Rocket_number | D3: desc | E3: exist | F3: cnt | G3: text | I3: Rocket_type | J3: Rocket_number | K3: desc | L3: exist | M3: cnt | N3: text | P3: n010201d | Q3: 1
B4: J_N1 | C4: 1 | E4: =IF(F4>=2,"◯",IF(F4>0,"△","✕")) -> ◯ | F4: =COUNTIFS(todayssatellite!$E:$E,データチェック!B4,todayssatellite!$F:$F,データチェック!C4) -> 2 | G4: =OFFSET(todayssatellite!$B$1,MATCH(B4&"_"&C4,todayssatellite!$G:$G,0)-1,0) -> 【今日の人工衛星】9/9 (14:30打上) 1975年：きく1号 宇宙開発事業団(NASDA)初の人工衛星。N-Iロケット1号機で打上。人工衛星の軌道投入、通信、姿勢制御等の技術習得が目的。実験は無事成功した。 | I4: J_L4S | J4: 5 | L4: =IF(M4>=2,"◯",IF(M4>0,"△","✕")) -> ◯ | M4: =COUNTIFS(todayssatellite!$E:$E,データチェック!I4,todayssatellite!$F:$F,データチェック!J4) -> 2 | N4: =OFFSET(todayssatellite!$B$1,MATCH(I4&"_"&J4,todayssatellite!$G:$G,0)-1,0) -> 【今日の人工衛星】2/11 1970年：おおすみ 日本初の人工衛星。世界で4番目に自力打ち上げに成功した。 1992年：ふよう 地球資源衛星。日本初の合成開口レーダー搭載衛星。6年間活動した。 | P4: n010301d | Q4: 1
B5: J_N1 | C5: 2 | E5: =IF(F5>=2,"◯",IF(F5>0,"△","✕")) -> ◯ | F5: =COUNTIFS(todayssatellite!$E:$E,データチェック!B5,todayssatellite!$F:$F,データチェック!C5) -> 2 | G5: =OFFSET(todayssatellite!$B$1,MATCH(B5&"_"&C5,todayssatellite!$G:$G,0)-1,0) -> 【今日の人工衛星】2/29 1976年：うめ 電離層観測を実施、世界で初めて電離層臨界周波数の地球周回分布を明らかにしたが、約1ヶ月で機能しなくなってしまった。 | I5: J_M4S | J5: 1 | K5: 失敗 | L5: =IF(M5>=2,"◯",IF(M5>0,"△","✕")) -> ✕ | M5: =COUNTIFS(todayssatellite!$E:$E,データチェック!I5,todayssatellite!$F:$F,データチェック!J5) -> 0 | N5: =OFFSET(todayssatellite!$B$1,MATCH(I5&"_"&J5,todayssatellite!$G:$G,0)-1,0) -> #N/A | P5: n010401d | Q5: 1
B6: J_N1 | C6: 3 | E6: =IF(F6>=2,"◯",IF(F6>0,"△","✕")) -> ◯ | F6: =COUNTIFS(todayssatellite!$E:$E,データチェック!B6,todayssatellite!$F:$F,データチェック!C6) -> 2 | G6: =OFFSET(todayssatellite!$B$1,MATCH(B6&"_"&C6,todayssatellite!$G:$G,0)-1,0) -> 【今日の人工衛星】2/23 1977年：きく2号 日本初の静止衛星。きくシリーズは技術試験衛星。 | I6: J_M4S | J6: 2 | L6: =IF(M6>=2,"◯",IF(M6>0,"△","✕")) -> ◯ | M6: =COUNTIFS(todayssatellite!$E:$E,データチェック!I6,todayssatellite!$F:$F,データチェック!J6) -> 2 | N6: =OFFSET(todayssatellite!$B$1,MATCH(I6&"_"&J6,todayssatellite!$G:$G,0)-1,0) -> 【今日の人工衛星】2/16 1971年：たんせい1号 Muロケット初の衛星、ロケットの性能確認が主目的。名前の由来は東大のスクールカラーの「淡青」。 1974年：たんせい2号 衛星制御システムの試験を目的とした衛星 | P6: n010501d | Q6: 1
B7: J_N1 | C7: 4 | E7: =IF(F7>=2,"◯",IF(F7>0,"△","✕")) -> ✕ | F7: =COUNTIFS(todayssatellite!$E:$E,データチェック!B7,todayssatellite!$F:$F,データチェック!C7) -> 0 | G7: =OFFSET(todayssatellite!$B$1,MATCH(B7&"_"&C7,todayssatellite!$G:$G,0)-1,0) -> #N/A | I7: J_M4S | J7: 3 | L7: =IF(M7>=2,"◯",IF(M7>0,"△","✕")) -> ◯ | M7: =COUNTIFS(todayssatellite!$E:$E,データチェック!I7,todayssatellite!$F:$F,データチェック!J7) -> 2 | N7: =OFFSET(todayssatellite!$B$1,MATCH(I7&"_"&J7,todayssatellite!$G:$G,0)-1,0) -> 【今日の人工衛星】9/28 1971年：しんせい M-4Sロケット3号機で打ち上げた日本初の科学衛星（おおすみ、たんせいは試験衛星）であり、初めての本格的な人工衛星である | P7: n010601d | Q7: 1
B8: J_N1 | C8: 5 | E8: =IF(F8>=2,"◯",IF(F8>0,"△","✕")) -> ◯ | F8: =COUNTIFS(todayssatellite!$E:$E,データチェック!B8,todayssatellite!$F:$F,データチェック!C8) -> 2 | G8: =OFFSET(todayssatellite!$B$1,MATCH(B8&"_"&C8,todayssatellite!$G:$G,0)-1,0) -> 【今日の人工衛星】2/6 1979年：あやめ1号 N-I 5号機で打ち上げ、静止衛星軌道への投入失敗。日本のかつての苦労が偲ばれます。 | I8: J_M4S | J8: 4 | L8: =IF(M8>=2,"◯",IF(M8>0,"△","✕")) -> ◯ | M8: =COUNTIFS(todayssatellite!$E:$E,データチェック!I8,todayssatellite!$F:$F,データチェック!J8) -> 2 | N8: =OFFSET(todayssatellite!$B$1,MATCH(I8&"_"&J8,todayssatellite!$G:$G,0)-1,0) -> 【今日の人工衛星】8/19 1972年：でんぱ(REXS) 電離層・磁気圏観測衛星。打上時のランチャーの角度のズレにより予定と大きく異なる軌道に投入。70時間で故障したが、その軌道により高層大気密度のデータ収集が可能に | P8: n010701d | Q8: 1
B9: J_N1 | C9: 6 | E9: =IF(F9>=2,"◯",IF(F9>0,"△","✕")) -> ◯ | F9: =COUNTIFS(todayssatellite!$E:$E,データチェック!B9,todayssatellite!$F:$F,データチェック!C9) -> 2 | G9: =OFFSET(todayssatellite!$B$1,MATCH(B9&"_"&C9,todayssatellite!$G:$G,0)-1,0) -> 【今日の人工衛星】2/22 1980年：あやめ2号 実験用静止通信衛星、失敗したあやめ1号の予備衛星だが、アポジモーターの不具合により衛星軌道への投入は失敗。 1986年：Viking スウェーデンの最初の衛星。 | I9: J_M3C | J9: 1 | L9: =IF(M9>=2,"◯",IF(M9>0,"△","✕")) -> △ | M9: =COUNTIFS(todayssatellite!$E:$E,データチェック!I9,todayssatellite!$F:$F,データチェック!J9) -> 1 | N9: =OFFSET(todayssatellite!$B$1,MATCH(I9&"_"&J9,todayssatellite!$G:$G,0)-1,0) -> ★1974年の今日2/16 14:00、M-3Cロケット1号機でたんせい2号が打ち上げられました。 | P9: n010801d | Q9: 1
B10: J_N1 | C10: 7 | E10: =IF(F10>=2,"◯",IF(F10>0,"△","✕")) -> ◯ | F10: =COUNTIFS(todayssatellite!$E:$E,データチェック!B10,todayssatellite!$F:$F,データチェック!C10) -> 2 | G10: =OFFSET(todayssatellite!$B$1,MATCH(B10&"_"&C10,todayssatellite!$G:$G,0)-1,0) -> 【今日の人工衛星】9/3 (14:00打上) 1982年：きく4号 N-Iロケット7号機で打上。三軸制御、太陽電池パドルの展開、能動式熱制御などの技術試験・確認が目的で、実験は成功した | I10: J_M3C | J10: 2 | L10: =IF(M10>=2,"◯",IF(M10>0,"△","✕")) -> ✕ | M10: =COUNTIFS(todayssatellite!$E:$E,データチェック!I10,todayssatellite!$F:$F,データチェック!J10) -> 0 | N10: =OFFSET(todayssatellite!$B$1,MATCH(I10&"_"&J10,todayssatellite!$G:$G,0)-1,0) -> #N/A | P10: n010801t1 | Q10: 1
B11: J_N2 | C11: 1 | E11: =IF(F11>=2,"◯",IF(F11>0,"△","✕")) -> ◯ | F11: =COUNTIFS(todayssatellite!$E:$E,データチェック!B11,todayssatellite!$F:$F,データチェック!C11) -> 4 | G11: =OFFSET(todayssatellite!$B$1,MATCH(B11&"_"&C11,todayssatellite!$G:$G,0)-1,0) -> 【今日の人工衛星】2/11 1981年：きく3号 N-IIロケットの静止トランスファ軌道投入性能の確認、大型衛星の開発技術の習得を目的とした。ETS-IVであるがETS-IIIと打上順序が入れ替わったため、打上順につけられた愛称は3号となっている | I11: J_M3C | J11: 3 | K11: 失敗 | L11: =IF(M11>=2,"◯",IF(M11>0,"△","✕")) -> ✕ | M11: =COUNTIFS(todayssatellite!$E:$E,データチェック!I11,todayssatellite!$F:$F,データチェック!J11) -> 0 | N11: =OFFSET(todayssatellite!$B$1,MATCH(I11&"_"&J11,todayssatellite!$G:$G,0)-1,0) -> #N/A | P11: n010901d | Q11: 1
B12: J_N2 | C12: 2 | E12: =IF(F12>=2,"◯",IF(F12>0,"△","✕")) -> ✕ | F12: =COUNTIFS(todayssatellite!$E:$E,データチェック!B12,todayssatellite!$F:$F,データチェック!C12) -> 0 | G12: =OFFSET(todayssatellite!$B$1,MATCH(B12&"_"&C12,todayssatellite!$G:$G,0)-1,0) -> #N/A | I12: J_M3C | J12: 4 | L12: =IF(M12>=2,"◯",IF(M12>0,"△","✕")) -> ◯ | M12: =COUNTIFS(todayssatellite!$E:$E,データチェック!I12,todayssatellite!$F:$F,データチェック!J12) -> 2 | N12: =OFFSET(todayssatellite!$B$1,MATCH(I12&"_"&J12,todayssatellite!$G:$G,0)-1,0) -> 【今日の人工衛星】2/21 1979年：はくちょう 日本初のX線天文衛星。打ち上げ失敗したCORSAを3年で作り直して打ち上げたもの。 1981年：ひのとり 日本初の太陽観測衛星。命名は手塚治虫の同名漫画による。約10年間運用された。 | P12: n011001d | Q12: 1
B13: J_N2 | C13: 3 | E13: =IF(F13>=2,"◯",IF(F13>0,"△","✕")) -> ✕ | F13: =COUNTIFS(todayssatellite!$E:$E,データチェック!B13,todayssatellite!$F:$F,データチェック!C13) -> 0 | G13: =OFFSET(todayssatellite!$B$1,MATCH(B13&"_"&C13,todayssatellite!$G:$G,0)-1,0) -> #N/A | I13: J_M3H | J13: 1 | L13: =IF(M13>=2,"◯",IF(M13>0,"△","✕")) -> ◯ | M13: =COUNTIFS(todayssatellite!$E:$E,データチェック!I13,todayssatellite!$F:$F,データチェック!J13) -> 2 | N13: =OFFSET(todayssatellite!$B$1,MATCH(I13&"_"&J13,todayssatellite!$G:$G,0)-1,0) -> 【今日の人工衛星】2/19 1977年：たんせい3号 M-3Hロケットの試験、姿勢制御を実験。ヒートパイプや、誤作動が発生したが、これが後の衛星に活かされている 1988年：さくら3a号 実験用通信衛星さくらの3代目 | P13: n011101d | Q13: 1
B14: J_N2 | C14: 4 | E14: =IF(F14>=2,"◯",IF(F14>0,"△","✕")) -> ◯ | F14: =COUNTIFS(todayssatellite!$E:$E,データチェック!B14,todayssatellite!$F:$F,データチェック!C14) -> 2 | G14: =OFFSET(todayssatellite!$B$1,MATCH(B14&"_"&C14,todayssatellite!$G:$G,0)-1,0) -> 【今日の人工衛星】8/5(UTC) 1983年：さくら2号b 日本の通信衛星。日本時間8月6日にN-IIロケット4号機で打ち上げ。1990年に運用終了。 | I14: J_M3H | J14: 2 | L14: =IF(M14>=2,"◯",IF(M14>0,"△","✕")) -> ◯ | M14: =COUNTIFS(todayssatellite!$E:$E,データチェック!I14,todayssatellite!$F:$F,データチェック!J14) -> 2 | N14: =OFFSET(todayssatellite!$B$1,MATCH(I14&"_"&J14,todayssatellite!$G:$G,0)-1,0) -> 【今日の人工衛星】2/4 2002年：DASH[高速再突入実験機]・つばさ[民生部品・コンポーネント実証衛星] H-IIA 2号機、 1978年：EXOS-A[きょっこう]オーロラ観測、M-3H 2号機 1983年：さくら2A 静止通信衛星、N-II 3号機 | P14: n011201d | Q14: 1
B15: J_N2 | C15: 5 | E15: =IF(F15>=2,"◯",IF(F15>0,"△","✕")) -> ✕ | F15: =COUNTIFS(todayssatellite!$E:$E,データチェック!B15,todayssatellite!$F:$F,データチェック!C15) -> 0 | G15: =OFFSET(todayssatellite!$B$1,MATCH(B15&"_"&C15,todayssatellite!$G:$G,0)-1,0) -> #N/A | I15: J_M3H | J15: 3 | L15: =IF(M15>=2,"◯",IF(M15>0,"△","✕")) -> ◯ | M15: =COUNTIFS(todayssatellite!$E:$E,データチェック!I15,todayssatellite!$F:$F,データチェック!J15) -> 2 | N15: =OFFSET(todayssatellite!$B$1,MATCH(I15&"_"&J15,todayssatellite!$G:$G,0)-1,0) -> 【今日の人工衛星】9/16 (14:00打上) 1978年：じきけん プラズマ・磁気圏観測衛星。M-3Hロケット3号機で打上。近地点227km、遠地点30,051kmという長楕円軌道で60mアンテナを用い観測を実施 | P15: n011301d | Q15: 1
B16: J_N2 | C16: 6 | E16: =IF(F16>=2,"◯",IF(F16>0,"△","✕")) -> ◯ | F16: =COUNTIFS(todayssatellite!$E:$E,データチェック!B16,todayssatellite!$F:$F,データチェック!C16) -> 2 | G16: =OFFSET(todayssatellite!$B$1,MATCH(B16&"_"&C16,todayssatellite!$G:$G,0)-1,0) -> 【今日の人工衛星】8/2(UTC) 1984年：ひまわり3号 日本の気象衛星。日本時間8/3に種子島からN-IIロケット6号機で打ち上げ。ひまわり2号の不調をカバーするため少し早く打ち上げられた | I16: J_M3S | J16: 1 | L16: =IF(M16>=2,"◯",IF(M16>0,"△","✕")) -> ◯ | M16: =COUNTIFS(todayssatellite!$E:$E,データチェック!I16,todayssatellite!$F:$F,データチェック!J16) -> 2 | N16: =OFFSET(todayssatellite!$B$1,MATCH(I16&"_"&J16,todayssatellite!$G:$G,0)-1,0) -> 【今日の人工衛星】2/17 1980年：たんせい4号 M-3Sロケットの打ち上げ性能試験、及び後続の科学衛星で使われる様々な技術の試験が目的。 | P16: n011401d | Q16: 1
B17: J_N2 | C17: 7 | E17: =IF(F17>=2,"◯",IF(F17>0,"△","✕")) -> ✕ | F17: =COUNTIFS(todayssatellite!$E:$E,データチェック!B17,todayssatellite!$F:$F,データチェック!C17) -> 0 | G17: =OFFSET(todayssatellite!$B$1,MATCH(B17&"_"&C17,todayssatellite!$G:$G,0)-1,0) -> #N/A | I17: J_M3S | J17: 2 | L17: =IF(M17>=2,"◯",IF(M17>0,"△","✕")) -> △ | M17: =COUNTIFS(todayssatellite!$E:$E,データチェック!I17,todayssatellite!$F:$F,データチェック!J17) -> 1 | N17: =OFFSET(todayssatellite!$B$1,MATCH(I17&"_"&J17,todayssatellite!$G:$G,0)-1,0) -> ★1981年の今日2/21 9:30、M-3Sロケット2号機で太陽観測衛星ひのとりが打ち上げられました。 | P17: n011501d | Q17: 1
B18: J_N2 | C18: 8 | E18: =IF(F18>=2,"◯",IF(F18>0,"△","✕")) -> △ | F18: =COUNTIFS(todayssatellite!$E:$E,データチェック!B18,todayssatellite!$F:$F,データチェック!C18) -> 1 | G18: =OFFSET(todayssatellite!$B$1,MATCH(B18&"_"&C18,todayssatellite!$G:$G,0)-1,0) -> 【今日の人工衛星】2/19 1987年：もも1号 海洋観測衛星。N-IIロケット8号機で打上。日本初の地球観測衛星である。 | I18: J_M3S | J18: 3 | L18: =IF(M18>=2,"◯",IF(M18>0,"△","✕")) -> ◯ | M18: =COUNTIFS(todayssatellite!$E:$E,データチェック!I18,todayssatellite!$F:$F,データチェック!J18) -> 2 | N18: =OFFSET(todayssatellite!$B$1,MATCH(I18&"_"&J18,todayssatellite!$G:$G,0)-1,0) -> 【今日の人工衛星】2/20 1983年：てんま ISASのX線天文衛星2代目。観測運用は2年半にとどまった。 2001年：Odin スウェーデンのサブミリ波観測衛星。酸素分子からなる星間雲の存在を初めて発見。 | P18: n011502d | Q18: 1
B19: J_H1 | C19: 1 | E19: =IF(F19>=2,"◯",IF(F19>0,"△","✕")) -> ◯ | F19: =COUNTIFS(todayssatellite!$E:$E,データチェック!B19,todayssatellite!$F:$F,データチェック!C19) -> 3 | G19: =OFFSET(todayssatellite!$B$1,MATCH(B19&"_"&C19,todayssatellite!$G:$G,0)-1,0) -> 【今日の人工衛星】8/12(UTC) 1986年：あじさい(EGS) H-Iロケット初号機で打ち上げられた測地実験衛星。打ち上げから25年経つ2011年現在も運用中 | I19: J_M3S | J19: 4 | L19: =IF(M19>=2,"◯",IF(M19>0,"△","✕")) -> ✕ | M19: =COUNTIFS(todayssatellite!$E:$E,データチェック!I19,todayssatellite!$F:$F,データチェック!J19) -> 0 | N19: =OFFSET(todayssatellite!$B$1,MATCH(I19&"_"&J19,todayssatellite!$G:$G,0)-1,0) -> #N/A | P19: n011502t1 | Q19: 1
B20: J_H1 | C20: 2 | E20: =IF(F20>=2,"◯",IF(F20>0,"△","✕")) -> ◯ | F20: =COUNTIFS(todayssatellite!$E:$E,データチェック!B20,todayssatellite!$F:$F,データチェック!C20) -> 2 | G20: =OFFSET(todayssatellite!$B$1,MATCH(B20&"_"&C20,todayssatellite!$G:$G,0)-1,0) -> 【今日の人工衛星】8/27 (18:20打上) 1987年：きく5号 H-Iロケット試験機2号機の性能確認と、移動体通信実験のための衛星。静止3軸衛星バスの基盤技術を確立。 | I20: J_M3S2 | J20: 1 | L20: =IF(M20>=2,"◯",IF(M20>0,"△","✕")) -> ◯ | M20: =COUNTIFS(todayssatellite!$E:$E,データチェック!I20,todayssatellite!$F:$F,データチェック!J20) -> 2 | N20: =OFFSET(todayssatellite!$B$1,MATCH(I20&"_"&J20,todayssatellite!$G:$G,0)-1,0) -> 【今日の人工衛星】1/8 1985年：さきがけ 日本のハレー彗星探査機。8/19に打ち上げられた「すいせい」の姉妹機にあたり、さきがけでの経験が「すいせい」にフィードバックされた。 | P20: n011601d | Q20: 1
B21: J_H1 | C21: 3 | E21: =IF(F21>=2,"◯",IF(F21>0,"△","✕")) -> ✕ | F21: =COUNTIFS(todayssatellite!$E:$E,データチェック!B21,todayssatellite!$F:$F,データチェック!C21) -> 0 | G21: =OFFSET(todayssatellite!$B$1,MATCH(B21&"_"&C21,todayssatellite!$G:$G,0)-1,0) -> #N/A | I21: J_M3S2 | J21: 2 | L21: =IF(M21>=2,"◯",IF(M21>0,"△","✕")) -> ◯ | M21: =COUNTIFS(todayssatellite!$E:$E,データチェック!I21,todayssatellite!$F:$F,データチェック!J21) -> 2 | N21: =OFFSET(todayssatellite!$B$1,MATCH(I21&"_"&J21,todayssatellite!$G:$G,0)-1,0) -> 【今日の人工衛星】8/18(UTC) 1985年：すいせい ハレー彗星観測を目的とした2機目の宇宙探査機。ハレー彗星からの塵で2回姿勢を乱すも無事に観測を完了 | P21: n011701d | Q21: 1
B22: J_H1 | C22: 4 | E22: =IF(F22>=2,"◯",IF(F22>0,"△","✕")) -> ◯ | F22: =COUNTIFS(todayssatellite!$E:$E,データチェック!B22,todayssatellite!$F:$F,データチェック!C22) -> 2 | G22: =OFFSET(todayssatellite!$B$1,MATCH(B22&"_"&C22,todayssatellite!$G:$G,0)-1,0) -> 【今日の人工衛星】9/16 (18:59打上) 1988年：さくら3号b H-Iロケット4号機で打ち上げられた通信衛星。実験衛星としては3bが最後で、この後は民間の実用衛星が打ち上げられる(1989年のJCSAT～) | I22: J_M3S2 | J22: 3 | L22: =IF(M22>=2,"◯",IF(M22>0,"△","✕")) -> ◯ | M22: =COUNTIFS(todayssatellite!$E:$E,データチェック!I22,todayssatellite!$F:$F,データチェック!J22) -> 2 | N22: =OFFSET(todayssatellite!$B$1,MATCH(I22&"_"&J22,todayssatellite!$G:$G,0)-1,0) -> 【今日の人工衛星】2/5 1987年：ASTRO-C[ぎんが]X線天文衛星、M-3SII 3号機で打ち上げ。超新星1987Aの観測に成功。1991年11月1日に大気圏に突入し消滅。 | P22: n011801d | Q22: 1
B23: J_H1 | C23: 5 | E23: =IF(F23>=2,"◯",IF(F23>0,"△","✕")) -> ◯ | F23: =COUNTIFS(todayssatellite!$E:$E,データチェック!B23,todayssatellite!$F:$F,データチェック!C23) -> 2 | G23: =OFFSET(todayssatellite!$B$1,MATCH(B23&"_"&C23,todayssatellite!$G:$G,0)-1,0) -> 【今日の人工衛星】9/5(UTC) (日本時間6日4:11打上) 1989年：ひまわり4号。 気象観測衛星。大きなトラブルもなく、順調に運用され、2002年2月に運用終了。 | I23: J_M3S2 | J23: 4 | L23: =IF(M23>=2,"◯",IF(M23>0,"△","✕")) -> ◯ | M23: =COUNTIFS(todayssatellite!$E:$E,データチェック!I23,todayssatellite!$F:$F,データチェック!J23) -> 2 | N23: =OFFSET(todayssatellite!$B$1,MATCH(I23&"_"&J23,todayssatellite!$G:$G,0)-1,0) -> 【今日の人工衛星】2/21(UTC、日本時間翌22日8:30) 1989年：あけぼの 地球磁気圏観測衛星、設計寿命の1年を大きく越えて、2015年4月23日まで26年間運用された。太陽活動周期2周期(22年)分の観測も達成した。 | P23: n011901d | Q23: 1
... B26: J_H1 | C26: 8 | E26: =IF(F26>=2,"◯",IF(F26>0,"△","✕")) -> ◯ | F26: =COUNTIFS(todayssatellite!$E:$E,データチェック!B26,todayssatellite!$F:$F,データチェック!C26) -> 2 | G26: =OFFSET(todayssatellite!$B$1,MATCH(B26&"_"&C26,todayssatellite!$G:$G,0)-1,0) -> 【今日の人工衛星】8/25 1991年：ゆり3号b 日本の放送衛星。H-Iロケット8号機で打ち上げられ、ゆり3号aの太陽電池不具合による出力不足を補った。現時点で、種子島から打ち上げた最後の放送衛星。1998年運用停止 | I26: J_M3S2 | J26: 7 | L26: =IF(M26>=2,"◯",IF(M26>0,"△","✕")) -> ◯ | M26: =COUNTIFS(todayssatellite!$E:$E,データチェック!I26,todayssatellite!$F:$F,データチェック!J26) -> 2 | N26: =OFFSET(todayssatellite!$B$1,MATCH(I26&"_"&J26,todayssatellite!$G:$G,0)-1,0) -> 【今日の人工衛星】2/20 1993年：あすか 宇宙X線観測衛星。M-3SIIロケット7号機で打上。2000年7月14日の太陽フレアによる地球大気膨張の影響で姿勢が乱れ観測不能に。2001年3月2日に大気圏に突入、消滅した。 | P26: n012201d | Q26: 1
B27: J_H1 | C27: 9 | E27: =IF(F27>=2,"◯",IF(F27>0,"△","✕")) -> △ | F27: =COUNTIFS(todayssatellite!$E:$E,データチェック!B27,todayssatellite!$F:$F,データチェック!C27) -> 1 | G27: =OFFSET(todayssatellite!$B$1,MATCH(B27&"_"&C27,todayssatellite!$G:$G,0)-1,0) -> ★1992年の今日2/11 10:50、H-Iロケット9号機で地球観測衛星ふよう1号が打ち上げられました。 | I27: J_M3S2 | J27: 8 | K27: 失敗 | L27: =IF(M27>=2,"◯",IF(M27>0,"△","✕")) -> ◯ | M27: =COUNTIFS(todayssatellite!$E:$E,データチェック!I27,todayssatellite!$F:$F,データチェック!J27) -> 2 | N27: =OFFSET(todayssatellite!$B$1,MATCH(I27&"_"&J27,todayssatellite!$G:$G,0)-1,0) -> 【今日の人工衛星】1/15 1995年：自立帰還型無人宇宙実験システム(EXPRESS) M-3SIIロケット8号機で打上。軌道再突入試験を目的としていたが実験は失敗。機体はガーナに着陸しており、翌年回収された。 | P27: n012201t1 | Q27: 1
B28: J_H2 | C28: 1 | E28: =IF(F28>=2,"◯",IF(F28>0,"△","✕")) -> ◯ | F28: =COUNTIFS(todayssatellite!$E:$E,データチェック!B28,todayssatellite!$F:$F,データチェック!C28) -> 2 | G28: =OFFSET(todayssatellite!$B$1,MATCH(B28&"_"&C28,todayssatellite!$G:$G,0)-1,0) -> 【今日の人工衛星】2/3(UTC) 1994年：VEP[みょうじょう]H-IIロケット性能確認用ペイロード、OREX[りゅうせい]大気圏再突入実験衛星、H-II 1号機で打ち上げ | I28: J_M5 | J28: 1 | L28: =IF(M28>=2,"◯",IF(M28>0,"△","✕")) -> ◯ | M28: =COUNTIFS(todayssatellite!$E:$E,データチェック!I28,todayssatellite!$F:$F,データチェック!J28) -> 2 | N28: =OFFSET(todayssatellite!$B$1,MATCH(I28&"_"&J28,todayssatellite!$G:$G,0)-1,0) -> 【今日の人工衛星】2/12 1997年：はるか(MUSES-B) 電波天文衛星。M-Vロケット初号機で打上。地上の電波望遠鏡と連携して巨大な電波望遠鏡と同等の性能を出すVLBIの宇宙側の望遠鏡として打上られ、スペースVLBIを実現した。 | P28: n012301d | Q28: 1
B29: J_H2 | C29: 2 | E29: =IF(F29>=2,"◯",IF(F29>0,"△","✕")) -> ◯ | F29: =COUNTIFS(todayssatellite!$E:$E,データチェック!B29,todayssatellite!$F:$F,データチェック!C29) -> 2 | G29: =OFFSET(todayssatellite!$B$1,MATCH(B29&"_"&C29,todayssatellite!$G:$G,0)-1,0) -> 【今日の人工衛星】8/28 (16:50打上) 1994年：きく6号 H-IIロケット試験機2号機により打上。アポジエンジンの不具合により静止軌道投入は出来なかったが、多くの実験は実施された。 | I29: J_M5 | J29: 2 | K29: 欠番 | P29: n012302d | Q29: 1
B30: J_H2 | C30: 3 | E30: =IF(F30>=2,"◯",IF(F30>0,"△","✕")) -> ◯ | F30: =COUNTIFS(todayssatellite!$E:$E,データチェック!B30,todayssatellite!$F:$F,データチェック!C30) -> 2 | G30: =OFFSET(todayssatellite!$B$1,MATCH(B30&"_"&C30,todayssatellite!$G:$G,0)-1,0) -> 【今日の人工衛星】3/18 1995年：ひまわり5号＋SFU H-IIロケット3号機で打ち上げ。ひまわり5号は、のちのMTSAT-1打ち上げ失敗などにより設計寿命の倍、10年間働くことになる。SFUはスペースシャトルミッションSTS-72で若田飛行士により回収、地球に帰還する。 | I30: J_M5 | J30: 3 | L30: =IF(M30>=2,"◯",IF(M30>0,"△","✕")) -> ◯ | M30: =COUNTIFS(todayssatellite!$E:$E,データチェック!I30,todayssatellite!$F:$F,データチェック!J30) -> 2 | N30: =OFFSET(todayssatellite!$B$1,MATCH(I30&"_"&J30,todayssatellite!$G:$G,0)-1,0) -> 【今日の人工衛星】7/3(UTC) 1998年：のぞみ 火星探査機。月の裏側を撮影、旧ソ連・米国に次ぎ3番目となる。度重なる故障、月で2回、地球で3回のスイングバイを経て火星近くに到達するも軌道投入はかなわず | P30: n012302t1 | Q30: 1
B31: J_H2 | C31: 4 | E31: =IF(F31>=2,"◯",IF(F31>0,"△","✕")) -> ◯ | F31: =COUNTIFS(todayssatellite!$E:$E,データチェック!B31,todayssatellite!$F:$F,データチェック!C31) -> 2 | G31: =OFFSET(todayssatellite!$B$1,MATCH(B31&"_"&C31,todayssatellite!$G:$G,0)-1,0) -> 【今日の人工衛星】8/17 1996年：みどり(ADEOS) 地球観測プラットフォーム衛星。大気・海洋・陸域観測結果の成果は大きかったが、太陽電池パドルのブランケットが破断し10ヶ月で運用停止。 | I31: J_M5 | J31: 4 | K31: 失敗 | L31: =IF(M31>=2,"◯",IF(M31>0,"△","✕")) -> ◯ | M31: =COUNTIFS(todayssatellite!$E:$E,データチェック!I31,todayssatellite!$F:$F,データチェック!J31) -> 2 | N31: =OFFSET(todayssatellite!$B$1,MATCH(I31&"_"&J31,todayssatellite!$G:$G,0)-1,0) -> 【今日の人工衛星】2/10 2000年：ASTRO-E X線天文衛星。M-Vロケット4号機で打ち上げたが、1段目のノズル破損により速度不足となり、打上に失敗した。 | P31: n012302t2 | Q31: 1
B32: J_H2 | C32: 5 | E32: =IF(F32>=2,"◯",IF(F32>0,"△","✕")) -> ◯ | F32: =COUNTIFS(todayssatellite!$E:$E,データチェック!B32,todayssatellite!$F:$F,データチェック!C32) -> 2 | G32: =OFFSET(todayssatellite!$B$1,MATCH(B32&"_"&C32,todayssatellite!$G:$G,0)-1,0) -> 【今日の人工衛星】2/21 1998年：かけはし 通信放送技術衛星。移動体通信の実験が目的。H-IIロケット5号機で打上られたが、2段目の燃焼が短く、静止軌道への投入は失敗した。低軌道でも行える実験は実施された。 | I32: J_M5 | J32: 5 | L32: =IF(M32>=2,"◯",IF(M32>0,"△","✕")) -> ◯ | M32: =COUNTIFS(todayssatellite!$E:$E,データチェック!I32,todayssatellite!$F:$F,データチェック!J32) -> 7 | N32: =OFFSET(todayssatellite!$B$1,MATCH(I32&"_"&J32,todayssatellite!$G:$G,0)-1,0) -> 【今日の人工衛星】5/9 2003年：はやぶさ（MUSES-C） 小惑星探査機、工学実験機。小惑星1998-SF36(打ち上げ後にイトカワと命名)との往復、サンプルリターンに成功。2010年6月13日に地球に帰還。 | P32: n012302t3 | Q32: 1
B33: J_H2 | C33: 6 | E33: =IF(F33>=2,"◯",IF(F33>0,"△","✕")) -> ◯ | F33: =COUNTIFS(todayssatellite!$E:$E,データチェック!B33,todayssatellite!$F:$F,データチェック!C33) -> 3 | G33: =OFFSET(todayssatellite!$B$1,MATCH(B33&"_"&C33,todayssatellite!$G:$G,0)-1,0) -> 【今日の人工衛星】11/27(UTC,日本時間28日6:27) 1997年：きく7号(おりひめ・ひこぼし) 軌道上での人工衛星の自動ランデブー・ドッキング技術を習得した衛星。この技術は後にHTV(こうのとり)にも活用、高い評価を得た。 | I33: J_M5 | J33: 6 | L33: =IF(M33>=2,"◯",IF(M33>0,"△","✕")) -> ◯ | M33: =COUNTIFS(todayssatellite!$E:$E,データチェック!I33,todayssatellite!$F:$F,データチェック!J33) -> 2 | N33: =OFFSET(todayssatellite!$B$1,MATCH(I33&"_"&J33,todayssatellite!$G:$G,0)-1,0) -> 【今日の人工衛星】7/10 2005年：すざく あすかに続く5機目の日本のX線天文衛星であり、2000年に打ち上げ失敗したASTRO-Eの代替機。液体ヘリウム喪失事故があったものの、2015年6月まで運用は継続された。2025年1月に大気圏再突入。 | P33: n012302t4 | Q33: 1
B34: J_H2 | C34: 7 | D34: 欠番 | I34: J_M5 | J34: 7 | L34: =IF(M34>=2,"◯",IF(M34>0,"△","✕")) -> ◯ | M34: =COUNTIFS(todayssatellite!$E:$E,データチェック!I34,todayssatellite!$F:$F,データチェック!J34) -> 4 | N34: =OFFSET(todayssatellite!$B$1,MATCH(I34&"_"&J34,todayssatellite!$G:$G,0)-1,0) -> 【今日の人工衛星】9/22(UTC、日本時間23日6:36打上) 2006年：ひので 太陽観測衛星。M-Vロケット7号機で打上（M-V最後の打上）。他の衛星に比べ非常に高い分解能で太陽を精密に観測できる | P34: n012302t5 | Q34: 1
B35: J_H2 | C35: 8 | E35: =IF(F35>=2,"◯",IF(F35>0,"△","✕")) -> ◯ | F35: =COUNTIFS(todayssatellite!$E:$E,データチェック!B35,todayssatellite!$F:$F,データチェック!C35) -> 2 | G35: =OFFSET(todayssatellite!$B$1,MATCH(B35&"_"&C35,todayssatellite!$G:$G,0)-1,0) -> 【今日の人工衛星】11/15 1999年：みらい/H-IIロケット8号機 ひまわり5号の代替となる衛星となる予定だったが打上が失敗。LE-7エンジンは3000mの海底から回収・分析され、その経験は現行のLE-7Aエンジンに活かされている | I35: J_M5 | J35: 8 | L35: =IF(M35>=2,"◯",IF(M35>0,"△","✕")) -> ◯ | M35: =COUNTIFS(todayssatellite!$E:$E,データチェック!I35,todayssatellite!$F:$F,データチェック!J35) -> 4 | N35: =OFFSET(todayssatellite!$B$1,MATCH(I35&"_"&J35,todayssatellite!$G:$G,0)-1,0) -> 【今日の人工衛星】2/20(UTC、日本時間翌21日6:28) 2006年：あかり 赤外線天文衛星。赤外線観測のため望遠鏡を冷やす液体ヘリウムを搭載、消費し尽くす前に全天の94%の観測を完了した。バッテリーの劣化等のため、2011年11月24日に運用を終了した。 | P35: n012302t6 | Q35: 1
B36: J_H2A | C36: 1 | E36: =IF(F36>=2,"◯",IF(F36>0,"△","✕")) -> ◯ | F36: =COUNTIFS(todayssatellite!$E:$E,データチェック!B36,todayssatellite!$F:$F,データチェック!C36) -> 2 | G36: =OFFSET(todayssatellite!$B$1,MATCH(B36&"_"&C36,todayssatellite!$G:$G,0)-1,0) -> 【今日の人工衛星】8/29 (16:00打上) 2001年：H-IIAロケット試作機1号機 レーザ測距装置（LRE）と性能確認用ペイロード（VEP-2）を静止トランスファ軌道へ投入、試験は無事成功した | I36: J_E | J36: 1 | L36: =IF(M36>=2,"◯",IF(M36>0,"△","✕")) -> ◯ | M36: =COUNTIFS(todayssatellite!$E:$E,データチェック!I36,todayssatellite!$F:$F,データチェック!J36) -> 2 | N36: =OFFSET(todayssatellite!$B$1,MATCH(I36&"_"&J36,todayssatellite!$G:$G,0)-1,0) -> 【今日の人工衛星】9/14 (14:00打上) 2013年：ひさき 世界初の太陽系内惑星専用の宇宙望遠鏡。イプシロンロケットで打ち上げる小型科学衛星シリーズSPRINTの1号機にあたる。主に惑星の大気を観測。イプシロンロケットの初打上にもあたる | P36: n012302t7 | Q36: 1
B37: J_H2A | C37: 2 | E37: =IF(F37>=2,"◯",IF(F37>0,"△","✕")) -> △ | F37: =COUNTIFS(todayssatellite!$E:$E,データチェック!B37,todayssatellite!$F:$F,データチェック!C37) -> 1 | G37: =OFFSET(todayssatellite!$B$1,MATCH(B37&"_"&C37,todayssatellite!$G:$G,0)-1,0) -> ★2002年の今日2/4 11:45、H-IIAロケット2号機でDASH[高速再突入実験機]・つばさ[民生部品・コンポーネント実証衛星]が打ち上げられました。打上自体は成功しましたが、DASHはフェアリングからの分離に失敗しました。 | I37: J_E | J37: 2 | L37: =IF(M37>=2,"◯",IF(M37>0,"△","✕")) -> ✕ | M37: =COUNTIFS(todayssatellite!$E:$E,データチェック!I37,todayssatellite!$F:$F,データチェック!J37) -> 0 | N37: =OFFSET(todayssatellite!$B$1,MATCH(I37&"_"&J37,todayssatellite!$G:$G,0)-1,0) -> #N/A | P37: n012302t8 | Q37: 1
B38: J_H2A | C38: 3 | E38: =IF(F38>=2,"◯",IF(F38>0,"△","✕")) -> ◯ | F38: =COUNTIFS(todayssatellite!$E:$E,データチェック!B38,todayssatellite!$F:$F,データチェック!C38) -> 3 | G38: =OFFSET(todayssatellite!$B$1,MATCH(B38&"_"&C38,todayssatellite!$G:$G,0)-1,0) -> 【今日の人工衛星】9/10 (17:20打上) 2002年：USERS 無人の自律帰還型回収システムであり、軌道上で宇宙実験を行った結果を地上に持ち帰れるシステム。超電導材料製造実験を行い、無事サンプル回収に成功 | I38: J_E | J38: 3 | L38: =IF(M38>=2,"◯",IF(M38>0,"△","✕")) -> ✕ | M38: =COUNTIFS(todayssatellite!$E:$E,データチェック!I38,todayssatellite!$F:$F,データチェック!J38) -> 0 | N38: =OFFSET(todayssatellite!$B$1,MATCH(I38&"_"&J38,todayssatellite!$G:$G,0)-1,0) -> #N/A | P38: n012401d | Q38: 1
B39: J_H2A | C39: 4 | E39: =IF(F39>=2,"◯",IF(F39>0,"△","✕")) -> ◯ | F39: =COUNTIFS(todayssatellite!$E:$E,データチェック!B39,todayssatellite!$F:$F,データチェック!C39) -> 4 | G39: =OFFSET(todayssatellite!$B$1,MATCH(B39&"_"&C39,todayssatellite!$G:$G,0)-1,0) -> 【今日の人工衛星】12/14 2002年：みどりII 地球観測衛星。太陽電池パネル故障で通信途絶した「みどり」の後継機で、次世代のみどりとして「II」を名乗ったが、約1年で電源の不調により通信途絶。 | I39: J_E | J39: 4 | L39: =IF(M39>=2,"◯",IF(M39>0,"△","✕")) -> ✕ | M39: =COUNTIFS(todayssatellite!$E:$E,データチェック!I39,todayssatellite!$F:$F,データチェック!J39) -> 0 | N39: =OFFSET(todayssatellite!$B$1,MATCH(I39&"_"&J39,todayssatellite!$G:$G,0)-1,0) -> #N/A | P39: n012401t1 | Q39: 1
B40: J_H2A | C40: 5 | E40: =IF(F40>=2,"◯",IF(F40>0,"△","✕")) -> ◯ | F40: =COUNTIFS(todayssatellite!$E:$E,データチェック!B40,todayssatellite!$F:$F,データチェック!C40) -> 2 | G40: =OFFSET(todayssatellite!$B$1,MATCH(B40&"_"&C40,todayssatellite!$G:$G,0)-1,0) -> 【今日の人工衛星】3/28 2003年：情報収集衛星1号機(光学・レーダ) 日本初の偵察衛星。性能は光学が解像度1m程度と、民間衛星に比べても劣っていた。これ以降継続的に情報収集衛星が軌道上に打ち上げられることになる。 | I40: J_E | J40: 5 | L40: =IF(M40>=2,"◯",IF(M40>0,"△","✕")) -> ✕ | M40: =COUNTIFS(todayssatellite!$E:$E,データチェック!I40,todayssatellite!$F:$F,データチェック!J40) -> 0 | N40: =OFFSET(todayssatellite!$B$1,MATCH(I40&"_"&J40,todayssatellite!$G:$G,0)-1,0) -> #N/A | P40: n012402d | Q40: 1
B41: J_H2A | C41: 6 | D41: 失敗 | E41: =IF(F41>=2,"◯",IF(F41>0,"△","✕")) -> ◯ | F41: =COUNTIFS(todayssatellite!$E:$E,データチェック!B41,todayssatellite!$F:$F,データチェック!C41) -> 2 | G41: =OFFSET(todayssatellite!$B$1,MATCH(B41&"_"&C41,todayssatellite!$G:$G,0)-1,0) -> 【今日の人工衛星】11/29 2003年：情報収集衛星光学・レーダー2号機(IGS-2A/B) H-IIAロケット6号機で打上たが、SRB-Aの分離失敗によりロケットが指令破壊され喪失。これ以降実証衛星以外の2機同時打上は行われなくなった | I41: J_E | J41: 6 | K41: 失敗 | L41: =IF(M41>=2,"◯",IF(M41>0,"△","✕")) -> ✕ | M41: =COUNTIFS(todayssatellite!$E:$E,データチェック!I41,todayssatellite!$F:$F,データチェック!J41) -> 0 | N41: =OFFSET(todayssatellite!$B$1,MATCH(I41&"_"&J41,todayssatellite!$G:$G,0)-1,0) -> #N/A | P41: n012402t1 | Q41: 1
B42: J_H2A | C42: 7 | E42: =IF(F42>=2,"◯",IF(F42>0,"△","✕")) -> ◯ | F42: =COUNTIFS(todayssatellite!$E:$E,データチェック!B42,todayssatellite!$F:$F,データチェック!C42) -> 2 | G42: =OFFSET(todayssatellite!$B$1,MATCH(B42&"_"&C42,todayssatellite!$G:$G,0)-1,0) -> 【今日の人工衛星】2/26 2005年：MTSAT-1R[ひまわり6号] 運輸多目的衛星新1号、日本時間18:25に打ち上げ。H-IIAが日本の空に蘇った日でもある。これ以降H-IIAは連続して打ち上げ成功している。 | P42: n012501d | Q42: 1
B43: J_H2A | C43: 8 | E43: =IF(F43>=2,"◯",IF(F43>0,"△","✕")) -> ◯ | F43: =COUNTIFS(todayssatellite!$E:$E,データチェック!B43,todayssatellite!$F:$F,データチェック!C43) -> 2 | G43: =OFFSET(todayssatellite!$B$1,MATCH(B43&"_"&C43,todayssatellite!$G:$G,0)-1,0) -> 【今日の人工衛星】1/24 2006年：ALOS[だいち] 地球観測衛星、H-IIA 8号機で10:33に打ち上げ。東日本大震災直後の被災地の観測も行っていたが、2011年4月22日に活動が停止してしまい、5月12日に運用が停止された。 | P43: n012601d | Q43: 1
B44: J_H2A | C44: 9 | E44: =IF(F44>=2,"◯",IF(F44>0,"△","✕")) -> ◯ | F44: =COUNTIFS(todayssatellite!$E:$E,データチェック!B44,todayssatellite!$F:$F,データチェック!C44) -> 2 | G44: =OFFSET(todayssatellite!$B$1,MATCH(B44&"_"&C44,todayssatellite!$G:$G,0)-1,0) -> 【今日の人工衛星】2/18 2006年：MTSAT-2[ひまわり7号] 運輸多目的衛星。気象観測ミッションは2010年より本番運用に入った。2015年7月には後継機の8号に気象観測を引き継ぎ、9号打上により待機運用も終了。航空管制運用も2020年3月に終了した。 | P44: n012701d | Q44: 1
B45: J_H2A | C45: 10 | E45: =IF(F45>=2,"◯",IF(F45>0,"△","✕")) -> ◯ | F45: =COUNTIFS(todayssatellite!$E:$E,データチェック!B45,todayssatellite!$F:$F,データチェック!C45) -> 2 | G45: =OFFSET(todayssatellite!$B$1,MATCH(B45&"_"&C45,todayssatellite!$G:$G,0)-1,0) -> 【今日の人工衛星】9/11 (13:35打上) 2006年：情報収集衛星光学2号機(IGS-3A) 日本の偵察衛星。H-IIA6号機の失敗をうけ、今回から1機ずつの打上となった。2013年11月に運用停止、2016年10月に大気圏に再突入して消滅した。 | P45: n012702d | Q45: 1
B46: J_H2A | C46: 11 | E46: =IF(F46>=2,"◯",IF(F46>0,"△","✕")) -> ◯ | F46: =COUNTIFS(todayssatellite!$E:$E,データチェック!B46,todayssatellite!$F:$F,データチェック!C46) -> 2 | G46: =OFFSET(todayssatellite!$B$1,MATCH(B46&"_"&C46,todayssatellite!$G:$G,0)-1,0) -> 【今日の人工衛星】12/18 2006年：きく8号 移動体通信の実験のための通信衛星。テニスコート相当のサイズのアンテナを2枚もち、小型の携帯電話でも衛星通信を実現。東日本大震災でも被災地の一部の自治体への通信支援を実施した | P46: n012801d | Q46: 1
B47: J_H2A | C47: 12 | E47: =IF(F47>=2,"◯",IF(F47>0,"△","✕")) -> ◯ | F47: =COUNTIFS(todayssatellite!$E:$E,データチェック!B47,todayssatellite!$F:$F,データチェック!C47) -> 2 | G47: =OFFSET(todayssatellite!$B$1,MATCH(B47&"_"&C47,todayssatellite!$G:$G,0)-1,0) -> 【今日の人工衛星】2/24 2007年：IGS 4A/B 情報収集衛星(レーダー2号/光学3号機実証機)4Aは電源のトラブルにより2010年に運用停止。 | P47: n012901d | Q47: 1
B48: J_H2A | C48: 13 | E48: =IF(F48>=2,"◯",IF(F48>0,"△","✕")) -> ◯ | F48: =COUNTIFS(todayssatellite!$E:$E,データチェック!B48,todayssatellite!$F:$F,データチェック!C48) -> 2 | G48: =OFFSET(todayssatellite!$B$1,MATCH(B48&"_"&C48,todayssatellite!$G:$G,0)-1,0) -> 【今日の人工衛星】9/14 (10:31打上) 2007年：かぐや 日本の月探査機。2つの子衛星をもち、さまざまな観測を行った。NHKのハイビジョンカメラが撮影した映像が話題になり、宇宙への関心が高まった | P48: n013001d | Q48: 1
B49: J_H2A | C49: 14 | E49: =IF(F49>=2,"◯",IF(F49>0,"△","✕")) -> ◯ | F49: =COUNTIFS(todayssatellite!$E:$E,データチェック!B49,todayssatellite!$F:$F,データチェック!C49) -> 2 | G49: =OFFSET(todayssatellite!$B$1,MATCH(B49&"_"&C49,todayssatellite!$G:$G,0)-1,0) -> 【今日の人工衛星】2/23 2008年：きずな(WINDS) 超高速インターネット衛星、最大で3.2Gbpsの当時世界最高速の通信を実施した。通信が回復しないことから2019/02/27に運用を停止した https://www.jaxa.jp/press/2019/03/20190301a_j.html | P49: n013101d | Q49: 1
B50: J_H2A | C50: 15 | E50: =IF(F50>=2,"◯",IF(F50>0,"△","✕")) -> ◯ | F50: =COUNTIFS(todayssatellite!$E:$E,データチェック!B50,todayssatellite!$F:$F,データチェック!C50) -> 9 | G50: =OFFSET(todayssatellite!$B$1,MATCH(B50&"_"&C50,todayssatellite!$G:$G,0)-1,0) -> 【今日の人工衛星】1/23 2009年：いぶき 日本の地球観測衛星。温室効果ガス測定を目的としている。当初の計画に変更が加えられ、京都議定書への寄与する観測に重点が絞られている | P50: n020101d | Q50: 1
B51: J_H2A | C51: 16 | E51: =IF(F51>=2,"◯",IF(F51>0,"△","✕")) -> ◯ | F51: =COUNTIFS(todayssatellite!$E:$E,データチェック!B51,todayssatellite!$F:$F,データチェック!C51) -> 2 | G51: =OFFSET(todayssatellite!$B$1,MATCH(B51&"_"&C51,todayssatellite!$G:$G,0)-1,0) -> 【今日の人工衛星】11/28 2009年：情報収集衛星光学3号機(IGS-5A) 日本の事実上の偵察衛星の(失敗分を含めて)8機目。分解能は60cm級とされる。H-IIAロケット16号機で打上。2017年9月に運用停止。 https://www.cas.go.jp/jp/houdou/pdf/170915satellite.pdf | P51: n020201d | Q51: 1
B52: J_H2A | C52: 17 | E52: =IF(F52>=2,"◯",IF(F52>0,"△","✕")) -> ◯ | F52: =COUNTIFS(todayssatellite!$E:$E,データチェック!B52,todayssatellite!$F:$F,データチェック!C52) -> 6 | G52: =OFFSET(todayssatellite!$B$1,MATCH(B52&"_"&C52,todayssatellite!$G:$G,0)-1,0) -> 【今日の人工衛星】5/20(UTC) 2010年：あかつき、IKAROS 日本の金星探査機とソーラー電力セイル実験機。あかつきの初回の金星軌道投入は失敗、IKAROSの実験が先行して大成功を収めた。あかつきも5年後の2015年に軌道投入に成功、2024年まで科学観測を行った。 | P52: n020201d1 | Q52: 1
B53: J_H2A | C53: 18 | E53: =IF(F53>=2,"◯",IF(F53>0,"△","✕")) -> ◯ | F53: =COUNTIFS(todayssatellite!$E:$E,データチェック!B53,todayssatellite!$F:$F,データチェック!C53) -> 2 | G53: =OFFSET(todayssatellite!$B$1,MATCH(B53&"_"&C53,todayssatellite!$G:$G,0)-1,0) -> 【今日の人工衛星】9/11 (20:17打上) 2010年：みちびき 準天頂衛星初号機。GPS補完信号を送信し精度を補完。twitter上では@QZSS が毎日挨拶をしてくれていましたが、内閣府に移管されて挨拶終了となりました | P53: n020301d | Q53: 1
... B100: J_H3 | C100: 6 | E100: =IF(F100>=2,"◯",IF(F100>0,"△","✕")) -> ✕ | F100: =COUNTIFS(todayssatellite!$E:$E,データチェック!B100,todayssatellite!$F:$F,データチェック!C100) -> 0 | G100: =OFFSET(todayssatellite!$B$1,MATCH(B100&"_"&C100,todayssatellite!$G:$G,0)-1,0) -> #N/A | P100: n022003d | Q100: 1
P101: n022003t1 | Q101: 1
P102: n022003t2 | Q102: 1
P103: n022003t3 | Q103: 1
P104: n022101d | Q104: 1
P105: n022101t1 | Q105: 1
P106: n022101t2 | Q106: 1
P107: n022102d | Q107: 1
P108: n022102t1 | Q108: 1
P109: n022103d | Q109: 1
P110: n022103t1 | Q110: 1
P111: n022201d | Q111: 1
P112: n022201t1 | Q112: 1
... P539: n123101d | Q539: 1
P540: (空白)
P541: 総計 | Q541: 538
